11/22/2012,0.188057974
11/23/2012,0.499850273
11/24/2012,0.66843605
11/25/2012,0.689801872
11/26/2012,0.58783257
11/27/2012,0.397995979
11/28/2012,0.15399377
11/29/2012,-0.117563315
11/30/2012,-0.394383848
12/1/2012,-0.651787877
12/2/2012,-0.858673275
12/3/2012,-0.97518748
12/4/2012,-0.966574252
12/5/2012,-0.812388539
12/6/2012,-0.519692659
12/7/2012,-0.129577383
12/8/2012,0.285853177
12/9/2012,0.63690263
12/10/2012,0.837630808
12/11/2012,0.829669416
12/12/2012,0.601336479
12/13/2012,0.195255652
12/14/2012,-0.299473315
12/15/2012,-0.769676685
12/16/2012,-1.108897805
12/17/2012,-1.24674952
12/18/2012,-1.166865826
12/19/2012,-0.907389283
12/20/2012,-0.544515073
12/21/2012,-0.166122928
12/22/2012,0.153993189
12/23/2012,0.371942759
12/24/2012,0.475441009
12/25/2012,0.473885208
12/26/2012,0.384160787
12/27/2012,0.220373511
12/28/2012,-0.007603201
12/29/2012,-0.287367821
12/30/2012,-0.594358206
12/31/2012,-0.886343062
1/1/2013,-1.106986403
1/2/2013,-1.198564649
1/3/2013,-1.121399522
1/4/2013,-0.869626105
1/5/2013,-0.480134755
1/6/2013,-0.028621191
1/7/2013,0.386429191
1/8/2013,0.667900681
1/9/2013,0.745705426
1/10/2013,0.59655863
1/11/2013,0.251791328
1/12/2013,-0.209742486
1/13/2013,-0.682281792
1/14/2013,-1.061535239
1/15/2013,-1.27214396
1/16/2013,-1.285462022
1/17/2013,-1.122098684
1/18/2013,-0.839250147
1/19/2013,-0.508618653
1/20/2013,-0.194109753
1/21/2013,0.062162533
1/22/2013,0.241509303
1/23/2013,0.340059698
1/24/2013,0.356829375
1/25/2013,0.286407143
1/26/2013,0.120989293
1/27/2013,-0.139206126
1/28/2013,-0.473277271
1/29/2013,-0.832781017
1/30/2013,-1.146439791
1/31/2013,-1.336853862
2/1/2013,-1.343963265
2/2/2013,-1.145240545
2/3/2013,-0.771790385
2/4/2013,-0.29864198
2/5/2013,0.169631273
2/6/2013,0.526468635
2/7/2013,0.69101119
2/8/2013,0.628731847
2/9/2013,0.359369159
2/10/2013,-0.04974743
2/11/2013,-0.502776682
2/12/2013,-0.901144683
2/13/2013,-1.168361187
2/14/2013,-1.266527295
2/15/2013,-1.199970365
2/16/2013,-1.005999923
2/17/2013,-0.737508893
2/18/2013,-0.445050448
2/19/2013,-0.165628612
2/20/2013,0.078261569
2/21/2013,0.271208674
2/22/2013,0.395347625
2/23/2013,0.426071435
2/24/2013,0.337383568
2/25/2013,0.115664557
2/26/2013,-0.224740982
2/27/2013,-0.632931828
2/28/2013,-1.026403189
3/1/2013,-1.310300112
3/2/2013,-1.405358315
3/3/2013,-1.272789001
3/4/2013,-0.931729078
3/5/2013,-0.454762459
3/6/2013,0.050473053
3/7/2013,0.470308781
3/8/2013,0.714783132
3/9/2013,0.739256084
3/10/2013,0.552382886
3/11/2013,0.209488541
3/12/2013,-0.205393866
3/13/2013,-0.602763891
3/14/2013,-0.909246027
3/15/2013,-1.081688285
3/16/2013,-1.110643625
3/17/2013,-1.013763905
3/18/2013,-0.823121071
3/19/2013,-0.572466969
3/20/2013,-0.289947391
3/21/2013,0.001257839
3/22/2013,0.276302487
3/23/2013,0.50163269
3/24/2013,0.633983076
3/25/2013,0.629113674
3/26/2013,0.458701581
3/27/2013,0.128544495
3/28/2013,-0.311132431
3/29/2013,-0.770365536
3/30/2013,-1.140286922
3/31/2013,-1.324125409
4/1/2013,-1.267464638
4/2/2013,-0.976745605
4/3/2013,-0.51712358
4/4/2013,0.003173719
4/5/2013,0.466479778
4/6/2013,0.776269197
4/7/2013,0.879679084
4/8/2013,0.775410295
4/9/2013,0.506840587
4/10/2013,0.144778475
4/11/2013,-0.233400449
4/12/2013,-0.561715782
4/13/2013,-0.796250463
4/14/2013,-0.9171682
4/15/2013,-0.923708141
4/16/2013,-0.825942755
4/17/2013,-0.63780421
4/18/2013,-0.374842703
4/19/2013,-0.057557918
4/20/2013,0.28217265
4/21/2013,0.596569002
4/22/2013,0.82457763
4/23/2013,0.904228747
4/24/2013,0.792494953
4/25/2013,0.485641003
4/26/2013,0.03084917
4/27/2013,-0.47810182
4/28/2013,-0.922489822
4/29/2013,-1.19172883
4/30/2013,-1.216586471
5/1/2013,-0.990435421
5/2/2013,-0.571013987
5/3/2013,-0.060534243
5/4/2013,0.422464967
5/5/2013,0.778323472
5/6/2013,0.948472619
5/7/2013,0.923111439
5/8/2013,0.733916521
5/9/2013,0.437310457
5/10/2013,0.095867999
5/11/2013,-0.235759363
5/12/2013,-0.517311454
5/13/2013,-0.722337842
5/14/2013,-0.833723366
5/15/2013,-0.839357018
5/16/2013,-0.731186271
5/17/2013,-0.508911371
5/18/2013,-0.18705219
5/19/2013,0.198132426
5/20/2013,0.586519003
5/21/2013,0.90066725
5/22/2013,1.062057972
5/23/2013,1.013780713
5/24/2013,0.742459178
5/25/2013,0.29054299
5/26/2013,-0.24785836
5/27/2013,-0.748875916
5/28/2013,-1.092767954
5/29/2013,-1.198626399
5/30/2013,-1.047604442
5/31/2013,-0.686364651
6/1/2013,-0.210006729
6/2/2013,0.268999696
6/3/2013,0.650878489
6/4/2013,0.874704301
6/5/2013,0.923775315
6/6/2013,0.818350375
6/7/2013,0.599517524
6/8/2013,0.312903017
6/9/2013,-0.001400064
6/10/2013,-0.310682505
6/11/2013,-0.585663676
6/12/2013,-0.79561609
6/13/2013,-0.907239914
6/14/2013,-0.889598012
6/15/2013,-0.724204481
6/16/2013,-0.416627705
6/17/2013,-0.004612025
6/18/2013,0.441870362
6/19/2013,0.831136942
6/20/2013,1.070031285
6/21/2013,1.089270592
6/22/2013,0.866367579
6/23/2013,0.437856525
6/24/2013,-0.105097756
6/25/2013,-0.638442039
6/26/2013,-1.038683057
6/27/2013,-1.217422962
6/28/2013,-1.145196795
6/29/2013,-0.856402934
6/30/2013,-0.434228033
7/1/2013,0.017896451
7/2/2013,0.407978922
7/3/2013,0.673106492
7/4/2013,0.792302787
7/5/2013,0.774692893
7/6/2013,0.64532727
7/7/2013,0.431389093
7/8/2013,0.156126723
7/9/2013,-0.158353254
7/10/2013,-0.483438492
7/11/2013,-0.778061807
7/12/2013,-0.989969075
7/13/2013,-1.065942049
7/14/2013,-0.968184888
7/15/2013,-0.690864444
7/16/2013,-0.270081997
7/17/2013,0.217579961
7/18/2013,0.669219792
7/19/2013,0.97968173
7/20/2013,1.06930697
7/21/2013,0.907355189
7/22/2013,0.523540616
7/23/2013,0.003043304
7/24/2013,-0.534780443
7/25/2013,-0.968303323
7/26/2013,-1.206370115
7/27/2013,-1.21124804
7/28/2013,-1.004333138
7/29/2013,-0.653471291
7/30/2013,-0.247686222
7/31/2013,0.130357593
8/1/2013,0.423808485
8/2/2013,0.607978582
8/3/2013,0.679450214
8/4/2013,0.64786911
8/5/2013,0.521233857
8/6/2013,0.30468148
8/7/2013,0.007613098
8/8/2013,-0.345090508
8/9/2013,-0.705673516
8/10/2013,-1.006311774
8/11/2013,-1.173632503
8/12/2013,-1.150725245
8/13/2013,-0.918554544
8/14/2013,-0.508297801
8/15/2013,0.000810157
8/16/2013,0.498525947
8/17/2013,0.870953679
8/18/2013,1.030328393
8/19/2013,0.938587964
8/20/2013,0.617849052
8/21/2013,0.144600794
8/22/2013,-0.370913118
8/23/2013,-0.814202905
8/24/2013,-1.096124411
8/25/2013,-1.173542023
8/26/2013,-1.054968476
8/27/2013,-0.790390611
8/28/2013,-0.450280547
8/29/2013,-0.102639355
8/30/2013,0.203007877
8/31/2013,0.43962425
9/1/2013,0.595731854
9/2/2013,0.664263904
9/3/2013,0.63332206
9/4/2013,0.489970595
9/5/2013,0.229674175
9/6/2013,-0.129002705
9/7/2013,-0.535454929
9/8/2013,-0.910560966
9/9/2013,-1.164227128
9/10/2013,-1.221866488
9/11/2013,-1.050168157
9/12/2013,-0.672130525
9/13/2013,-0.165168375
9/14/2013,0.357681692
9/15/2013,0.777499557
9/16/2013,1.000796795
9/17/2013,0.983052909
9/18/2013,0.738082409
9/19/2013,0.331420422
9/20/2013,-0.139439806
9/21/2013,-0.571624577
9/22/2013,-0.882381797
9/23/2013,-1.026334763
9/24/2013,-1.000177264
9/25/2013,-0.834783971
9/26/2013,-0.579065859
9/27/2013,-0.282667607
9/28/2013,0.015522259
9/29/2013,0.289297521
9/30/2013,0.518759549
10/1/2013,0.681353033
10/2/2013,0.747668862
10/3/2013,0.685967803
10/4/2013,0.47735852
10/5/2013,0.131958514
10/6/2013,-0.300578266
10/7/2013,-0.734588504
10/8/2013,-1.067598224
10/9/2013,-1.209810853
10/10/2013,-1.113358378
10/11/2013,-0.790127218
10/12/2013,-0.31111142
10/13/2013,0.212740496
10/14/2013,0.661454558
10/15/2013,0.938247383
10/16/2013,0.992961526
10/17/2013,0.830556929
10/18/2013,0.503931642
10/19/2013,0.095175698
10/20/2013,-0.307869136
10/21/2013,-0.632570446
10/22/2013,-0.834606469
10/23/2013,-0.900887966
10/24/2013,-0.843400776
10/25/2013,-0.687916458
10/26/2013,-0.462929368
10/27/2013,-0.193534777
10/28/2013,0.097707249
10/29/2013,0.384673804
10/30/2013,0.631337941
10/31/2013,0.791099489
11/1/2013,0.815425813
11/2/2013,0.670728862
11/3/2013,0.356153876
11/4/2013,-0.082572646
11/5/2013,-0.557983577
11/6/2013,-0.959957182
11/7/2013,-1.186694384
11/8/2013,-1.176345825
11/9/2013,-0.927458465
11/10/2013,-0.50040257
11/11/2013,0.000736949
11/12/2013,0.458946675
11/13/2013,0.776653886
11/14/2013,0.899016261
11/15/2013,0.821925163
11/16/2013,0.584662557
11/17/2013,0.252312988
11/18/2013,-0.104603648
11/19/2013,-0.426545948
11/20/2013,-0.673548698
11/21/2013,-0.825648963
11/22/2013,-0.8776353
11/23/2013,-0.832087457
11/24/2013,-0.694592476
11/25/2013,-0.473564148
11/26/2013,-0.184686214
11/27/2013,0.142633185
11/28/2013,0.461255461
11/29/2013,0.709244609
11/30/2013,0.821921468
12/1/2013,0.751094878
12/2/2013,0.485749662
12/3/2013,0.061856255
12/4/2013,-0.434394866
12/5/2013,-0.889885128
12/6/2013,-1.194480896
12/7/2013,-1.273839951
12/8/2013,-1.112015367
12/9/2013,-0.755444884
12/10/2013,-0.297083527
12/11/2013,0.152928084
12/12/2013,0.498927027
12/13/2013,0.68271786
12/14/2013,0.691450179
12/15/2013,0.550551832
12/16/2013,0.307438582
12/17/2013,0.013998172
12/18/2013,-0.285575569
12/19/2013,-0.558852971
12/20/2013,-0.78252995
12/21/2013,-0.93710959
12/22/2013,-1.003325343
12/23/2013,-0.96318388
12/24/2013,-0.805975556
12/25/2013,-0.537084639
12/26/2013,-0.18571572
12/27/2013,0.192782179
12/28/2013,0.523194671
12/29/2013,0.725898921
12/30/2013,0.738491058
12/31/2013,0.537226498
1/1/2014,0.150342897
1/2/2014,-0.343275428
1/3/2014,-0.832054198
1/4/2014,-1.200815439
1/5/2014,-1.36515367
1/6/2014,-1.294845581
1/7/2014,-1.020422101
1/8/2014,-0.620315731
1/9/2014,-0.194120616
1/10/2014,0.167420447
1/11/2014,0.404715955
1/12/2014,0.497228384
1/13/2014,0.457030386
1/14/2014,0.313951373
1/15/2014,0.100677036
1/16/2014,-0.155590221
1/17/2014,-0.432864189
1/18/2014,-0.708288968
1/19/2014,-0.951792359
1/20/2014,-1.124727368
1/21/2014,-1.185923338
1/22/2014,-1.103801012
1/23/2014,-0.87021172
1/24/2014,-0.51047051
1/25/2014,-0.084910564
1/26/2014,0.32028687
1/27/2014,0.61193794
1/28/2014,0.714027166
1/29/2014,0.590425014
1/30/2014,0.258732378
1/31/2014,-0.210375965
2/1/2014,-0.709760308
2/2/2014,-1.124826431
2/3/2014,-1.363034248
2/4/2014,-1.382104278
2/5/2014,-1.196219921
2/6/2014,-0.866969585
2/7/2014,-0.480047047
2/8/2014,-0.117891893
2/9/2014,0.161222294
2/10/2014,0.330920011
2/11/2014,0.391055912
2/12/2014,0.354449898
2/13/2014,0.234483063
2/14/2014,0.040225483
2/15/2014,-0.219243541
2/16/2014,-0.525133312
2/17/2014,-0.840794444
2/18/2014,-1.111429811
2/19/2014,-1.274127722
2/20/2014,-1.275674462
2/21/2014,-1.091800809
2/22/2014,-0.740464211
2/23/2014,-0.283633351
2/24/2014,0.184146553
2/25/2014,0.557876825
2/26/2014,0.749003768
2/27/2014,0.70952642
2/28/2014,0.446175635
3/1/2014,0.019998224
3/2/2014,-0.470557809
3/3/2014,-0.911093593
3/4/2014,-1.208769202
3/5/2014,-1.31123507
3/6/2014,-1.217401505
3/7/2014,-0.970829546
3/8/2014,-0.640379071
3/9/2014,-0.296506882
3/10/2014,0.00725784
3/11/2014,0.241287574
3/12/2014,0.394869208
3/13/2014,0.46468702
3/14/2014,0.444993198
3/15/2014,0.326033086
3/16/2014,0.102136433
3/17/2014,-0.215022579
3/18/2014,-0.586033881
3/19/2014,-0.94360292
3/20/2014,-1.205499053
3/21/2014,-1.297348261
3/22/2014,-1.177258372
3/23/2014,-0.85297209
3/24/2014,-0.384802133
3/25/2014,0.127319619
3/26/2014,0.568923533
3/27/2014,0.840668023
3/28/2014,0.883918166
3/29/2014,0.695088148
3/30/2014,0.325018138
3/31/2014,-0.136064425
4/1/2014,-0.583388925
4/2/2014,-0.92681402
4/3/2014,-1.104112744
4/4/2014,-1.103573084
4/5/2014,-0.950691581
4/6/2014,-0.69515264
4/7/2014,-0.391701072
4/8/2014,-0.085208379
4/9/2014,0.194608465
4/10/2014,0.428523511
4/11/2014,0.598171711
4/12/2014,0.67907095
4/13/2014,0.642414451
4/14/2014,0.466714859
4/15/2014,0.15434967
4/16/2014,-0.25576663
4/17/2014,-0.687612951
4/18/2014,-1.042957544
4/19/2014,-1.228159785
4/20/2014,-1.18364501
4/21/2014,-0.905064821
4/22/2014,-0.448042631
4/23/2014,0.085480504
4/24/2014,0.574685574
4/25/2014,0.912039101
4/26/2014,1.030247808
4/27/2014,0.916578352
4/28/2014,0.611634195
4/29/2014,0.194452778
4/30/2014,-0.240582928
5/1/2014,-0.607822478
5/2/2014,-0.850250781
5/3/2014,-0.94069314
5/4/2014,-0.889472306
5/5/2014,-0.725508034
5/6/2014,-0.48442772
5/7/2014,-0.198451921
5/8/2014,0.106064878
5/9/2014,0.403733909
5/10/2014,0.662464261
5/11/2014,0.839728773
5/12/2014,0.887975991
5/13/2014,0.769672751
5/14/2014,0.476682514
5/15/2014,0.044868641
5/16/2014,-0.444750398
5/17/2014,-0.88204211
5/18/2014,-1.157398701
5/19/2014,-1.195036769
5/20/2014,-0.977741063
5/21/2014,-0.553740084
5/22/2014,-0.02318082
5/23/2014,0.490739822
5/24/2014,0.875749469
5/25/2014,1.058461547
5/26/2014,1.018474102
5/27/2014,0.78632617
5/28/2014,0.428477317
5/29/2014,0.025889372
5/30/2014,-0.346537918
5/31/2014,-0.634109557
6/1/2014,-0.807521939
6/2/2014,-0.860441625
6/3/2014,-0.798976362
6/4/2014,-0.63783294
6/5/2014,-0.392973036
6/6/2014,-0.08393202
6/7/2014,0.260347724
6/8/2014,0.595754325
6/9/2014,0.86287874
6/10/2014,0.996359587
6/11/2014,0.943209887
6/12/2014,0.684466362
6/13/2014,0.251091868
6/14/2014,-0.274462879
6/15/2014,-0.774840176
6/16/2014,-1.128975749
6/17/2014,-1.247793674
6/18/2014,-1.1015836
6/19/2014,-0.728942811
6/20/2014,-0.224158287
6/21/2014,0.291882873
6/22/2014,0.706366956
6/23/2014,0.942841053
6/24/2014,0.974853992
6/25/2014,0.82309258
6/26/2014,0.540270627
6/27/2014,0.191415399
6/28/2014,-0.162973076
6/29/2014,-0.476353973
6/30/2014,-0.717578232
7/1/2014,-0.866976678
7/2/2014,-0.91130954
7/3/2014,-0.841006339
7/4/2014,-0.653165698
7/5/2014,-0.357313782
7/6/2014,0.016914658
7/7/2014,0.415660769
7/8/2014,0.764479339
7/9/2014,0.98182857
7/10/2014,1.000554442
7/11/2014,0.791232288
7/12/2014,0.378620327
7/13/2014,-0.156750336
7/14/2014,-0.695269704
7/15/2014,-1.109742403
7/16/2014,-1.301819086
7/17/2014,-1.230677009
7/18/2014,-0.923615038
7/19/2014,-0.465000838
7/20/2014,0.031675193
7/21/2014,0.457733572
7/22/2014,0.736961186
7/23/2014,0.838509679
7/24/2014,0.773414373
7/25/2014,0.579717994
7/26/2014,0.304657608
7/27/2014,-0.008379881
7/28/2014,-0.32440871
7/29/2014,-0.614055574
7/30/2014,-0.848008871
7/31/2014,-0.993972063
8/1/2014,-1.019500494
8/2/2014,-0.900599778
8/3/2014,-0.634125054
8/4/2014,-0.247390598
8/5/2014,0.198971957
8/6/2014,0.618151009
8/7/2014,0.914753914
8/8/2014,1.009262323
8/9/2014,0.862561345
8/10/2014,0.492267549
8/11/2014,-0.02607424
8/12/2014,-0.575513482
8/13/2014,-1.028346419
8/14/2014,-1.281622052
8/15/2014,-1.285614371
8/16/2014,-1.055382609
8/17/2014,-0.66172725
8/18/2014,-0.205721706
8/19/2014,0.212899193
8/20/2014,0.521612585
8/21/2014,0.686901271
8/22/2014,0.710462987
8/23/2014,0.615108907
8/24/2014,0.429182202
8/25/2014,0.177282557
8/26/2014,-0.119594917
8/27/2014,-0.437039614
8/28/2014,-0.739581645
8/29/2014,-0.978849053
8/30/2014,-1.10081327
8/31/2014,-1.060750604
9/1/2014,-0.840609491
9/2/2014,-0.461543232
9/3/2014,0.012483887
9/4/2014,0.485711932
9/5/2014,0.851854742
9/6/2014,1.021146059
9/7/2014,0.945692599
9/8/2014,0.635225236
9/9/2014,0.157594457
9/10/2014,-0.377394378
9/11/2014,-0.846901238
9/12/2014,-1.148193359
9/13/2014,-1.225438118
9/14/2014,-1.081371546
9/15/2014,-0.770420492
9/16/2014,-0.376805305
9/17/2014,0.013248691
9/18/2014,0.334386945
9/19/2014,0.55234617
9/20/2014,0.660128474
9/21/2014,0.665273666
9/22/2014,0.576907992
9/23/2014,0.400149554
9/24/2014,0.140493527
9/25/2014,-0.185293674
9/26/2014,-0.539275646
9/27/2014,-0.860900998
9/28/2014,-1.077495933
9/29/2014,-1.124360561
9/30/2014,-0.967327297
10/1/2014,-0.618981183
10/2/2014,-0.141439304
10/3/2014,0.36460942
10/4/2014,0.785366356
10/5/2014,1.023091197
10/6/2014,1.022015333
10/7/2014,0.783366442
10/8/2014,0.365060151
10/9/2014,-0.133979753
10/10/2014,-0.600437939
10/11/2014,-0.936338782
10/12/2014,-1.082923532
10/13/2014,-1.031497478
10/14/2014,-0.818533659
10/15/2014,-0.508019209
10/16/2014,-0.168689251
10/17/2014,0.144699216
10/18/2014,0.399413377
10/19/2014,0.580968201
10/20/2014,0.682252586
10/21/2014,0.693579316
10/22/2014,0.600673735
10/23/2014,0.392767698
10/24/2014,0.076802015
10/25/2014,-0.310491771
10/26/2014,-0.70084399
10/27/2014,-1.006890416
10/28/2014,-1.146067619
10/29/2014,-1.067606091
10/30/2014,-0.772273183
10/31/2014,-0.316971272
11/1/2014,0.198067963
11/2/2014,0.656673908
11/3/2014,0.952897847
11/4/2014,1.025130272
11/5/2014,0.865662754
11/6/2014,0.520832181
11/7/2014,0.075915851
11/8/2014,-0.368944645
11/9/2014,-0.724493861
11/10/2014,-0.932439923
11/11/2014,-0.974565148
11/12/2014,-0.869282901
11/13/2014,-0.658357143
11/14/2014,-0.389900893
11/15/2014,-0.104774699
11/16/2014,0.16854848
11/17/2014,0.410032362
11/18/2014,0.599258423
11/19/2014,0.708737135
11/20/2014,0.705420017
11/21/2014,0.562034488
11/22/2014,0.273999363
11/23/2014,-0.12653628
11/24/2014,-0.568130553
11/25/2014,-0.953222275
11/26/2014,-1.184365392
11/27/2014,-1.194622636
11/28/2014,-0.97070539
11/29/2014,-0.55986762
11/30/2014,-0.057749987
12/1/2014,0.41848588
12/2/2014,0.764392257
12/3/2014,0.906791687
12/4/2014,0.831109941
12/5/2014,0.57114327
12/6/2014,0.19678691
12/7/2014,-0.207543403
12/8/2014,-0.564564526
12/9/2014,-0.819904864
12/10/2014,-0.948655128
12/11/2014,-0.952555358
12/12/2014,-0.850675285
12/13/2014,-0.668384552
12/14/2014,-0.429588109
12/15/2014,-0.155338302
12/16/2014,0.131463513
12/17/2014,0.399136573
12/18/2014,0.603871286
12/19/2014,0.6947698
12/20/2014,0.628140807
12/21/2014,0.386655331
12/22/2014,-0.004954292
12/23/2014,-0.476247668
12/24/2014,-0.9240188
12/25/2014,-1.239507437
12/26/2014,-1.341014266
12/27/2014,-1.200000763
12/28/2014,-0.850781143
12/29/2014,-0.38019371
12/30/2014,0.098671846
12/31/2014,0.478913516
1/1/2015,0.687223136
1/2/2015,0.700012445
1/3/2015,0.53391856
1/4/2015,0.245058969
1/5/2015,-0.099425025
1/6/2015,-0.436760128
1/7/2015,-0.719866633
1/8/2015,-0.92067045
1/9/2015,-1.026921749
1/10/2015,-1.035972953
1/11/2015,-0.949422061
1/12/2015,-0.771577835
1/13/2015,-0.512674749
1/14/2015,-0.195199177
1/15/2015,0.14053072
1/16/2015,0.436224163
1/17/2015,0.624245822
1/18/2015,0.644824862
1/19/2015,0.467185915
1/20/2015,0.106593646
1/21/2015,-0.370921373
1/22/2015,-0.860706747
1/23/2015,-1.246591091
1/24/2015,-1.434526086
1/25/2015,-1.380885363
1/26/2015,-1.104998231
1/27/2015,-0.681449592
1/28/2015,-0.215539768
1/29/2015,0.188464135
1/30/2015,0.454716295
1/31/2015,0.550195456
2/1/2015,0.483594179
2/2/2015,0.292976409
2/3/2015,0.025875362
2/4/2015,-0.270325899
2/5/2015,-0.558971286
2/6/2015,-0.812686384
2/7/2015,-1.008815646
2/8/2015,-1.125172734
2/9/2015,-1.139652967
2/10/2015,-1.034982085
2/11/2015,-0.807279944
2/12/2015,-0.475042015
2/13/2015,-0.084191196
2/14/2015,0.294646621
2/15/2015,0.578417301
2/16/2015,0.691905499
2/17/2015,0.590779126
2/18/2015,0.27968809
2/19/2015,-0.182189465
2/20/2015,-0.692352533
2/21/2015,-1.131255031
2/22/2015,-1.395858526
2/23/2015,-1.429087162
2/24/2015,-1.234721899
2/25/2015,-0.872629523
2/26/2015,-0.436846256
2/27/2015,-0.02553642
2/28/2015,0.285689622
3/1/2015,0.458169758
3/2/2015,0.48949036
3/3/2015,0.401115686
3/4/2015,0.224226385
3/5/2015,-0.012626731
3/6/2015,-0.285931289
3/7/2015,-0.57279712
3/8/2015,-0.844157517
3/9/2015,-1.061329007
3/10/2015,-1.179638028
3/11/2015,-1.159167409
3/12/2015,-0.979158998
3/13/2015,-0.650632679
3/14/2015,-0.221872076
3/15/2015,0.226633057
3/16/2015,0.598078251
3/17/2015,0.802876234
3/18/2015,0.783684134
3/19/2015,0.534296155
3/20/2015,0.105570287
3/21/2015,-0.405062705
3/22/2015,-0.878701925
3/23/2015,-1.207467675
3/24/2015,-1.323864818
3/25/2015,-1.217072368
3/26/2015,-0.930866718
3/27/2015,-0.544899106
3/28/2015,-0.147408098
3/29/2015,0.189751521
3/30/2015,0.424916774
3/31/2015,0.546234548
4/1/2015,0.560753942
4/2/2015,0.479385227
4/3/2015,0.314725637
4/4/2015,0.073825523
4/5/2015,-0.228195697
4/6/2015,-0.559769511
4/7/2015,-0.869266987
4/8/2015,-1.091607451
4/9/2015,-1.164389253
4/10/2015,-1.048227668
4/11/2015,-0.743716776
4/12/2015,-0.29826358
4/13/2015,0.2006284
4/14/2015,0.644645095
4/15/2015,0.931555331
4/16/2015,0.992286623
4/17/2015,0.810367763
4/18/2015,0.427714884
4/19/2015,-0.065599605
4/20/2015,-0.55521214
4/21/2015,-0.933100641
4/22/2015,-1.125518918
4/23/2015,-1.109356999
4/24/2015,-0.912048638
4/25/2015,-0.596260548
4/26/2015,-0.236344784
4/27/2015,0.103676505
4/28/2015,0.382391661
4/29/2015,0.580582917
4/30/2015,0.691517293
5/1/2015,0.709658563
5/2/2015,0.62395525
5/3/2015,0.428989053
5/4/2015,0.128279403
5/5/2015,-0.247547939
5/6/2015,-0.637673736
5/7/2015,-0.95969826
5/8/2015,-1.130267978
5/9/2015,-1.090956211
5/10/2015,-0.829825759
5/11/2015,-0.390322834
5/12/2015,0.136324689
5/13/2015,0.63328284
5/14/2015,0.988183618
5/15/2015,1.122178674
5/16/2015,1.009702444
5/17/2015,0.683645904
5/18/2015,0.224899977
5/19/2015,-0.260361999
5/20/2015,-0.668842971
5/21/2015,-0.925358951
5/22/2015,-0.997803867
5/23/2015,-0.898020446
5/24/2015,-0.669787824
5/25/2015,-0.369835019
5/26/2015,-0.050095789
5/27/2015,0.251869828
5/28/2015,0.511853516
5/29/2015,0.710572541
5/30/2015,0.824967504
5/31/2015,0.826449275
6/1/2015,0.689338326
6/2/2015,0.405452192
6/3/2015,0.004013786
6/4/2015,-0.449718386
6/5/2015,-0.859920681
6/6/2015,-1.125238776
6/7/2015,-1.169315577
6/8/2015,-0.96665895
6/9/2015,-0.553983152
6/10/2015,-0.022526056
6/11/2015,0.506184697
6/12/2015,0.913000226
6/13/2015,1.111861348
6/14/2015,1.069643736
6/15/2015,0.810401261
6/16/2015,0.404342383
6/17/2015,-0.05384342
6/18/2015,-0.470230788
6/19/2015,-0.773143172
6/20/2015,-0.925344944
6/21/2015,-0.924726546
6/22/2015,-0.795197189
6/23/2015,-0.572792411
6/24/2015,-0.293375403
6/25/2015,0.013013464
6/26/2015,0.319803178
6/27/2015,0.596715927
6/28/2015,0.804065645
6/29/2015,0.894689679
6/30/2015,0.825941145
7/1/2015,0.578421175
7/2/2015,0.172824457
7/3/2015,-0.321790457
7/4/2015,-0.801014245
7/5/2015,-1.14968884
7/6/2015,-1.276095629
7/7/2015,-1.141299605
7/8/2015,-0.772944391
7/9/2015,-0.258260369
7/10/2015,0.281100661
7/11/2015,0.723322034
7/12/2015,0.978165686
7/13/2015,1.00663507
7/14/2015,0.824192047
7/15/2015,0.489087015
7/16/2015,0.081728183
7/17/2015,-0.317372173
7/18/2015,-0.644610524
7/19/2015,-0.861629367
7/20/2015,-0.954736352
7/21/2015,-0.928090036
7/22/2015,-0.795050979
7/23/2015,-0.572155952
7/24/2015,-0.278470218
7/25/2015,0.059934106
7/26/2015,0.403834552
7/27/2015,0.698413849
7/28/2015,0.879194319
7/29/2015,0.887531877
7/30/2015,0.69177562
7/31/2015,0.305935979
8/1/2015,-0.203318551
8/2/2015,-0.72760725
8/3/2015,-1.141995788
8/4/2015,-1.343654513
8/5/2015,-1.281388998
8/6/2015,-0.972007453
8/7/2015,-0.494674534
8/8/2015,0.033875365
8/9/2015,0.493815482
8/10/2015,0.794084787
8/11/2015,0.891555071
8/12/2015,0.79333216
8/13/2015,0.54466629
8/14/2015,0.209518671
8/15/2015,-0.14816004
8/16/2015,-0.476642072
8/17/2015,-0.740254402
8/18/2015,-0.916666806
8/19/2015,-0.991614699
8/20/2015,-0.95520705
8/21/2015,-0.802492917
8/22/2015,-0.538558841
8/23/2015,-0.185906261
8/24/2015,0.209989369
8/25/2015,0.581440985
8/26/2015,0.848597169
8/27/2015,0.938349485
8/28/2015,0.807437897
8/29/2015,0.461788237
8/30/2015,-0.036396097
8/31/2015,-0.579034388
9/1/2015,-1.039080143
9/2/2015,-1.306962729
9/3/2015,-1.319318533
9/4/2015,-1.082093358
9/5/2015,-0.662655652
9/6/2015,-0.167739451
9/7/2015,0.289696336
9/8/2015,0.621299922
9/9/2015,0.78160882
9/10/2015,0.769677877
9/11/2015,0.617037714
9/12/2015,0.369767815
9/13/2015,0.073142625
9/14/2015,-0.235822946
9/15/2015,-0.5275172
9/16/2015,-0.774319112
9/17/2015,-0.946042776
9/18/2015,-1.01049304
9/19/2015,-0.940368533
9/20/2015,-0.724407971
9/21/2015,-0.378330678
9/22/2015,0.049503613
9/23/2015,0.481616199
9/24/2015,0.825361967
9/25/2015,0.995073855
9/26/2015,0.936760902
9/27/2015,0.64759177
9/28/2015,0.182681099
9/29/2015,-0.355077058
9/30/2015,-0.840835571
10/1/2015,-1.162011385
10/2/2015,-1.250627518
10/3/2015,-1.097266197
10/4/2015,-0.755750895
10/5/2015,-0.318191767
10/6/2015,0.11405351
10/7/2015,0.458939284
10/8/2015,0.670629621
10/9/2015,0.740694702
10/10/2015,0.686692595
10/11/2015,0.536153316
10/12/2015,0.314569652
10/13/2015,0.042378139
10/14/2015,-0.259712875
10/15/2015,-0.562353134
10/16/2015,-0.822919905
10/17/2015,-0.989286482
10/18/2015,-1.012273908
10/19/2015,-0.862672329
10/20/2015,-0.546230257
10/21/2015,-0.11027649
10/22/2015,0.361716002
10/23/2015,0.767418385
10/24/2015,1.010731101
10/25/2015,1.027873516
10/26/2015,0.806767881
10/27/2015,0.393294334
10/28/2015,-0.118590452
10/29/2015,-0.611009479
10/30/2015,-0.973834276
10/31/2015,-1.134017825
11/1/2015,-1.073016882
11/2/2015,-0.826197028
11/3/2015,-0.467894047
11/4/2015,-0.083641909
11/5/2015,0.25438872
11/6/2015,0.502260923
11/7/2015,0.645123541
11/8/2015,0.686921299
11/9/2015,0.63670516
11/10/2015,0.499931544
11/11/2015,0.279426455
11/12/2015,-0.015292013
11/13/2015,-0.356697142
11/14/2015,-0.69385612
11/15/2015,-0.958210289
11/16/2015,-1.080394387
11/17/2015,-1.012530327
11/18/2015,-0.747504056
11/19/2015,-0.327467322
11/20/2015,0.162374869
11/21/2015,0.613493443
11/22/2015,0.921623409
11/23/2015,1.014166832
11/24/2015,0.869513988
11/25/2015,0.52275449
11/26/2015,0.056086667
11/27/2015,-0.423416167
11/28/2015,-0.812253714
11/29/2015,-1.036674142
11/30/2015,-1.068654776
12/1/2015,-0.927129626
12/2/2015,-0.663360119
12/3/2015,-0.346786529
12/4/2015,-0.034931865
12/5/2015,0.23286134
12/6/2015,0.437059879
12/7/2015,0.569050074
12/8/2015,0.620107174
12/9/2015,0.576003671
12/10/2015,0.421530068
12/11/2015,0.153253928
12/12/2015,-0.206419379
12/13/2015,-0.602572858
12/14/2015,-0.954398751
12/15/2015,-1.175019622
12/16/2015,-1.198124886
12/17/2015,-1.001480579
12/18/2015,-0.618119776
12/19/2015,-0.130605206
12/20/2015,0.350025773
12/21/2015,0.713762105
12/22/2015,0.880295396
12/23/2015,0.818507195
12/24/2015,0.55180794
12/25/2015,0.148827121
12/26/2015,-0.296936721
12/27/2015,-0.692123055
12/28/2015,-0.965887308
12/29/2015,-1.083511829
12/30/2015,-1.04808867
12/31/2015,-0.891179085
1/1/2016,-0.657200098
1/2/2016,-0.385783374
1/3/2016,-0.113802373
1/4/2016,0.139472723
1/5/2016,0.354633301
1/6/2016,0.506397188
1/7/2016,0.561588466
1/8/2016,0.486949146
1/9/2016,0.264853656
1/10/2016,-0.090195097
1/11/2016,-0.523352325
1/12/2016,-0.945945024
1/13/2016,-1.256967425
1/14/2016,-1.372939706
1/15/2016,-1.255262256
1/16/2016,-0.924617887
1/17/2016,-0.456844151
1/18/2016,0.038257666
1/19/2016,0.447597265
1/20/2016,0.684618413
1/21/2016,0.709217131
1/22/2016,0.532971442
1/23/2016,0.21010299
1/24/2016,-0.181220606
1/25/2016,-0.560590088
1/26/2016,-0.863647282
1/27/2016,-1.052530169
1/28/2016,-1.116978288
1/29/2016,-1.067690969
1/30/2016,-0.925959766
1/31/2016,-0.714570761
2/1/2016,-0.45399788
2/2/2016,-0.163460121
2/3/2016,0.125628069
2/4/2016,0.374861002
2/5/2016,0.533082604
2/6/2016,0.5492661
2/7/2016,0.390883118
2/8/2016,0.062490035
2/9/2016,-0.384531885
2/10/2016,-0.85779947
2/11/2016,-1.245999694
2/12/2016,-1.450785995
2/13/2016,-1.417257905
2/14/2016,-1.151653409
2/15/2016,-0.719645381
2/16/2016,-0.226122916
2/17/2016,0.215779826
2/18/2016,0.515311122
2/19/2016,0.624571621
2/20/2016,0.543870389
2/21/2016,0.312970549
2/22/2016,-0.006241332
2/23/2016,-0.348485827
2/24/2016,-0.659274578
2/25/2016,-0.901576221
2/26/2016,-1.055261135
2/27/2016,-1.112062573
2/28/2016,-1.069863677
2/29/2016,-0.92974788
3/1/2016,-0.697637141
3/2/2016,-0.389522046
3/3/2016,-0.039884768
3/4/2016,0.298597485
3/5/2016,0.557973027
3/6/2016,0.670024812
3/7/2016,0.587198079
3/8/2016,0.30293864
3/9/2016,-0.137315035
3/10/2016,-0.641104043
3/11/2016,-1.090842366
3/12/2016,-1.376614571
3/13/2016,-1.42875123
3/14/2016,-1.238374949
3/15/2016,-0.858458042
3/16/2016,-0.385474712
3/17/2016,0.070879728
3/18/2016,0.418469548
3/19/2016,0.603560507
3/20/2016,0.61640054
3/21/2016,0.482793778
3/22/2016,0.247938097
3/23/2016,-0.039665289
3/24/2016,-0.338414013
3/25/2016,-0.616092324
3/26/2016,-0.846699178
3/27/2016,-1.00583148
3/28/2016,-1.068753719
3/29/2016,-1.013446212
3/30/2016,-0.828310966
3/31/2016,-0.5218063
4/1/2016,-0.129784107
4/2/2016,0.282951564
4/3/2016,0.634454608
4/4/2016,0.839778602
4/5/2016,0.836885989
4/6/2016,0.607878327
4/7/2016,0.190756723
4/8/2016,-0.324926794
4/9/2016,-0.819399059
4/10/2016,-1.175349951
4/11/2016,-1.311335921
4/12/2016,-1.204228759
4/13/2016,-0.892832696
4/14/2016,-0.461999893
4/15/2016,-0.014083862
4/16/2016,0.361007363
4/17/2016,0.606453061
4/18/2016,0.704198003
4/19/2016,0.666928053
4/20/2016,0.5230636
4/21/2016,0.303126454
4/22/2016,0.033355016
4/23/2016,-0.262438387
4/24/2016,-0.556405246
4/25/2016,-0.811423063
4/26/2016,-0.981957734
4/27/2016,-1.022633314
4/28/2016,-0.902258575
4/29/2016,-0.618273079
4/30/2016,-0.205805808
5/1/2016,0.263154596
5/2/2016,0.69132036
5/3/2016,0.980919242
5/4/2016,1.056161642
5/5/2016,0.888392389
5/6/2016,0.50752455
5/7/2016,-0.002167982
5/8/2016,-0.52273351
5/9/2016,-0.934258044
5/10/2016,-1.147707343
5/11/2016,-1.127937555
5/12/2016,-0.899182856
5/13/2016,-0.531894684
5/14/2016,-0.116949432
5/15/2016,0.262204349
5/16/2016,0.549037158
5/17/2016,0.719339967
5/18/2016,0.773690581
5/19/2016,0.723816752
5/20/2016,0.581476212
5/21/2016,0.355765849
5/22/2016,0.059257332
5/23/2016,-0.281965941
5/24/2016,-0.62172395
5/25/2016,-0.896442175
5/26/2016,-1.038478255
5/27/2016,-0.996248662
5/28/2016,-0.753880382
5/29/2016,-0.342736691
5/30/2016,0.160243586
5/31/2016,0.6481148
6/1/2016,1.009647846
6/2/2016,1.157755613
6/3/2016,1.054784656
6/4/2016,0.722397745
6/5/2016,0.23770228
6/6/2016,-0.286995769
6/7/2016,-0.734257698
6/8/2016,-1.012424469
6/9/2016,-1.077644587
6/10/2016,-0.940192938
6/11/2016,-0.653959572
6/12/2016,-0.294306695
6/13/2016,0.066303611
6/14/2016,0.375421524
6/15/2016,0.605128706
6/16/2016,0.745056629
6/17/2016,0.790513575
6/18/2016,0.734165609
6/19/2016,0.566991448
6/20/2016,0.288429499
6/21/2016,-0.08014176
6/22/2016,-0.487149715
6/23/2016,-0.854562521
6/24/2016,-1.094980597
6/25/2016,-1.137132168
6/26/2016,-0.950582802
6/27/2016,-0.560168386
6/28/2016,-0.044249516
6/29/2016,0.483367264
6/30/2016,0.902466416
7/1/2016,1.117678046
7/2/2016,1.082898617
7/3/2016,0.81158334
7/4/2016,0.372486621
7/5/2016,-0.131252199
7/6/2016,-0.589628458
7/7/2016,-0.913563251
7/8/2016,-1.054439783
7/9/2016,-1.010050893
7/10/2016,-0.816386044
7/11/2016,-0.52978617
7/12/2016,-0.207361847
7/13/2016,0.106413275
7/14/2016,0.382569969
7/15/2016,0.601190329
7/16/2016,0.741753578
7/17/2016,0.778048992
7/18/2016,0.682791173
7/19/2016,0.44136548
7/20/2016,0.068270087
7/21/2016,-0.383032143
7/22/2016,-0.824276388
7/23/2016,-1.152114391
7/24/2016,-1.277790666
7/25/2016,-1.156203389
7/26/2016,-0.803306282
7/27/2016,-0.295006484
7/28/2016,0.252416402
7/29/2016,0.713772118
7/30/2016,0.988024771
7/31/2016,1.022925377
8/1/2016,0.824726403
8/2/2016,0.451152116
8/3/2016,-0.006076162
8/4/2016,-0.449057549
8/5/2016,-0.796213329
8/6/2016,-0.998307765
8/7/2016,-1.042854071
8/8/2016,-0.947627187
8/9/2016,-0.747415125
8/10/2016,-0.480242282
8/11/2016,-0.178888619
8/12/2016,0.129476488
8/13/2016,0.417191058
8/14/2016,0.649019539
8/15/2016,0.78072232
8/16/2016,0.767371178
8/17/2016,0.580216467
8/18/2016,0.225396112
8/19/2016,-0.244978428
8/20/2016,-0.73701793
8/21/2016,-1.136227131
8/22/2016,-1.339853406
8/23/2016,-1.289124131
8/24/2016,-0.989299476
8/25/2016,-0.509839177
8/26/2016,0.035447545
8/27/2016,0.521013856
8/28/2016,0.843571126
8/29/2016,0.946626365
8/30/2016,0.829158902
8/31/2016,0.538117886
9/1/2016,0.149613515
9/2/2016,-0.254802704
9/3/2016,-0.602898419
9/4/2016,-0.849869609
9/5/2016,-0.975710034
9/6/2016,-0.980820417
9/7/2016,-0.877236784
9/8/2016,-0.681199729
9/9/2016,-0.41052103
9/10/2016,-0.087552518
9/11/2016,0.254675567
9/12/2016,0.568038762
9/13/2016,0.791803122
9/14/2016,0.864648044
9/15/2016,0.744201362
9/16/2016,0.427289695
9/17/2016,-0.038247995
9/18/2016,-0.557570994
9/19/2016,-1.010370731
9/20/2016,-1.284267664
9/21/2016,-1.308758855
9/22/2016,-1.077272296
9/23/2016,-0.649054766
9/24/2016,-0.130343899
9/25/2016,0.357873112
9/26/2016,0.713661492
9/27/2016,0.878156364
9/28/2016,0.843366563
9/29/2016,0.644109011
9/30/2016,0.339986473
10/1/2016,-0.004387896
10/2/2016,-0.335130334
10/3/2016,-0.610806227
10/4/2016,-0.808229089
10/5/2016,-0.912437856
10/6/2016,-0.913035989
10/7/2016,-0.803079605
10/8/2016,-0.582779408
10/9/2016,-0.266535968
10/10/2016,0.110277519
10/11/2016,0.489281863
10/12/2016,0.79545331
10/13/2016,0.952777028
10/14/2016,0.906097293
10/15/2016,0.642317951
10/16/2016,0.202464253
10/17/2016,-0.322059005
10/18/2016,-0.810468554
10/19/2016,-1.145534158
10/20/2016,-1.247692347
10/21/2016,-1.098221421
10/22/2016,-0.743040442
10/23/2016,-0.276057214
10/24/2016,0.191145912
10/25/2016,0.561658919
10/26/2016,0.776221275
10/27/2016,0.820360243
10/28/2016,0.71630311
10/29/2016,0.506150305
10/30/2016,0.234990373
10/31/2016,-0.059320696
11/1/2016,-0.347582847
11/2/2016,-0.604676008
11/3/2016,-0.8025527
11/4/2016,-0.9106493
11/5/2016,-0.898817301
11/6/2016,-0.747821569
11/7/2016,-0.460996091
11/8/2016,-0.072466776
11/9/2016,0.352516174
11/10/2016,0.727418363
11/11/2016,0.963507712
11/12/2016,0.993809998
11/13/2016,0.794921875
11/14/2016,0.398986757
11/15/2016,-0.109783553
11/16/2016,-0.61497277
11/17/2016,-0.999224007
11/18/2016,-1.177109003
11/19/2016,-1.118409753
11/20/2016,-0.853689134
11/21/2016,-0.460628003
11/22/2016,-0.036999501
11/23/2016,0.328954935
11/24/2016,0.579816282
11/25/2016,0.695554316
11/26/2016,0.685936391
11/27/2016,0.575333953
11/28/2016,0.388741314
11/29/2016,0.145605385
11/30/2016,-0.137120277
12/1/2016,-0.4365879
12/2/2016,-0.716409385
12/3/2016,-0.928794026
12/4/2016,-1.021330833
12/5/2016,-0.954384446
12/6/2016,-0.717355669
12/7/2016,-0.339223623
12/8/2016,0.111815363
12/9/2016,0.540925145
12/10/2016,0.848805904
12/11/2016,0.957672477
12/12/2016,0.833624303
12/13/2016,0.498413086
12/14/2016,0.026173206
12/15/2016,-0.475026488
12/16/2016,-0.89201051
12/17/2016,-1.137003303
12/18/2016,-1.169969797
12/19/2016,-1.005473018
12/20/2016,-0.702323556
12/21/2016,-0.340823442
12/22/2016,0.002988589
12/23/2016,0.276159167
12/24/2016,0.454659283
12/25/2016,0.536614597
12/26/2016,0.529121459
12/27/2016,0.437202394
12/28/2016,0.261295348
12/29/2016,0.004270281
12/30/2016,-0.316757768
12/31/2016,-0.661620021
1/1/2017,-0.968000054
1/2/2017,-1.162751913
1/3/2017,-1.188062191
1/4/2017,-1.016213417
1/5/2017,-0.667251348
1/6/2017,-0.208196387
1/7/2017,0.261280328
1/8/2017,0.633627713
1/9/2017,0.821388185
1/10/2017,0.780284822
1/11/2017,0.520846367
1/12/2017,0.105263449
1/13/2017,-0.369673461
1/14/2017,-0.79865998
1/15/2017,-1.095267653
1/16/2017,-1.21234417
1/17/2017,-1.149341464
1/18/2017,-0.945050716
1/19/2017,-0.659592032
1/20/2017,-0.353455693
1/21/2017,-0.072053477
1/22/2017,0.158900857
1/23/2017,0.327440381
1/24/2017,0.424402148
1/25/2017,0.435408652
1/26/2017,0.341755956
1/27/2017,0.130918577
1/28/2017,-0.188500226
1/29/2017,-0.575907052
1/30/2017,-0.959470451
1/31/2017,-1.2510221
2/1/2017,-1.371095657
2/2/2017,-1.273584962
2/3/2017,-0.969140172
2/4/2017,-0.518608391
2/5/2017,-0.022923259
2/6/2017,0.404673666
2/7/2017,0.668513477
2/8/2017,0.714534461
2/9/2017,0.541941822
2/10/2017,0.20010291
2/11/2017,-0.227376342
2/12/2017,-0.646071196
2/13/2017,-0.974614739
2/14/2017,-1.162271738
2/15/2017,-1.195685029
2/16/2017,-1.093971491
2/17/2017,-0.895411849
2/18/2017,-0.641925693
2/19/2017,-0.367960989
2/20/2017,-0.097915456
2/21/2017,0.148356855
2/22/2017,0.346882224
2/23/2017,0.464725107
2/24/2017,0.464228928
2/25/2017,0.316694945
2/26/2017,0.020127276
2/27/2017,-0.387840271
2/28/2017,-0.82993257
3/1/2017,-1.205190897
3/2/2017,-1.417044163
3/3/2017,-1.402524948
3/4/2017,-1.155980468
3/5/2017,-0.730823874
3/6/2017,-0.225699484
3/7/2017,0.243384555
3/8/2017,0.574566305
3/9/2017,0.705234826
3/10/2017,0.623900056
3/11/2017,0.367055595
3/12/2017,0.004060037
3/13/2017,-0.383919626
3/14/2017,-0.724156916
3/15/2017,-0.966390312
3/16/2017,-1.087846756
3/17/2017,-1.089622378
3/18/2017,-0.987580121
3/19/2017,-0.802566767
3/20/2017,-0.554563463
3/21/2017,-0.263193607
3/22/2017,0.046514045
3/23/2017,0.337570131
3/24/2017,0.559538126
3/25/2017,0.656292796
3/26/2017,0.582760751
3/27/2017,0.325113147
3/28/2017,-0.084501393
3/29/2017,-0.566987216
3/30/2017,-1.012539625
3/31/2017,-1.310362935
4/1/2017,-1.381939292
4/2/2017,-1.205614567
4/3/2017,-0.823930025
4/4/2017,-0.330014914
4/5/2017,0.160777226
4/6/2017,0.543214381
4/7/2017,0.748194516
4/8/2017,0.754867971
4/9/2017,0.587415099
4/10/2017,0.30045563
4/11/2017,-0.039982848
4/12/2017,-0.373129278
4/13/2017,-0.653412223
4/14/2017,-0.852689028
4/15/2017,-0.956699312
4/16/2017,-0.959363282
4/17/2017,-0.858721375
4/18/2017,-0.657090306
4/19/2017,-0.365756691
4/20/2017,-0.011901431
4/21/2017,0.3565889
4/22/2017,0.673132718
4/23/2017,0.864021659
4/24/2017,0.868270993
4/25/2017,0.659924984
4/26/2017,0.264100999
4/27/2017,-0.241298452
4/28/2017,-0.74169606
4/29/2017,-1.116311789
4/30/2017,-1.273223162
5/1/2017,-1.176596284
5/2/2017,-0.855777204
5/3/2017,-0.39587009
5/4/2017,0.092716187
5/5/2017,0.505014718
5/6/2017,0.768264949
5/7/2017,0.854124367
5/8/2017,0.775351346
5/9/2017,0.571646631
5/10/2017,0.292441338
5/11/2017,-0.016278125
5/12/2017,-0.317526877
5/13/2017,-0.581941485
5/14/2017,-0.783193111
5/15/2017,-0.894738257
5/16/2017,-0.891139209
5/17/2017,-0.754637659
5/18/2017,-0.484954
5/19/2017,-0.108308986
5/20/2017,0.318986952
5/21/2017,0.716039002
5/22/2017,0.993001878
5/23/2017,1.074137807
5/24/2017,0.921915114
5/25/2017,0.553736508
5/26/2017,0.043891508
5/27/2017,-0.492328048
5/28/2017,-0.928969681
5/29/2017,-1.164861083
5/30/2017,-1.152054071
5/31/2017,-0.907271028
6/1/2017,-0.502703011
6/2/2017,-0.039869204
6/3/2017,0.379162937
6/4/2017,0.682444334
6/5/2017,0.836413085
6/6/2017,0.843452573
6/7/2017,0.728307486
6/8/2017,0.522728026
6/9/2017,0.255726635
6/10/2017,-0.047518246
6/11/2017,-0.360231847
6/12/2017,-0.647595584
6/13/2017,-0.865017474
6/14/2017,-0.964201868
6/15/2017,-0.906103134
6/16/2017,-0.676366866
6/17/2017,-0.29723984
6/18/2017,0.169431776
6/19/2017,0.630956411
6/20/2017,0.98354125
6/21/2017,1.138565898
6/22/2017,1.048155904
6/23/2017,0.721953213
6/24/2017,0.228689656
6/25/2017,-0.319571763
6/26/2017,-0.796918094
6/27/2017,-1.097971678
6/28/2017,-1.16595614
6/29/2017,-1.005034804
6/30/2017,-0.673225999
7/1/2017,-0.259584218
7/2/2017,0.145535782
7/3/2017,0.47124365
7/4/2017,0.682307065
7/5/2017,0.771867335
7/6/2017,0.749803424
7/7/2017,0.629520297
7/8/2017,0.421651632
7/9/2017,0.137283817
7/10/2017,-0.202550262
7/11/2017,-0.558144391
7/12/2017,-0.87010926
7/13/2017,-1.069317698
7/14/2017,-1.095689058
7/15/2017,-0.919285297
7/16/2017,-0.555611312
7/17/2017,-0.068713441
7/18/2017,0.440261304
7/19/2017,0.856600881
7/20/2017,1.081309438
7/21/2017,1.057830572
7/22/2017,0.788330019
7/23/2017,0.334352016
7/24/2017,-0.198966369
7/25/2017,-0.690941691
7/26/2017,-1.0373739
7/27/2017,-1.176629186
7/28/2017,-1.101633906
7/29/2017,-0.854592502
7/30/2017,-0.507635713
7/31/2017,-0.13779445
8/1/2017,0.193700045
8/2/2017,0.450950444
8/3/2017,0.618364871
8/4/2017,0.691755533
8/5/2017,0.666024804
8/6/2017,0.532865703
8/7/2017,0.28799358
8/8/2017,-0.055665825
8/9/2017,-0.456965476
8/10/2017,-0.845645845
8/11/2017,-1.135115147
8/12/2017,-1.246032596
8/13/2017,-1.132502675
8/14/2017,-0.800897658
8/15/2017,-0.313743174
8/16/2017,0.223522037
8/17/2017,0.689117134
8/18/2017,0.976702571
8/19/2017,1.022905111
8/20/2017,0.822787046
8/21/2017,0.42927742
8/22/2017,-0.062713765
8/23/2017,-0.542485952
8/24/2017,-0.912197292
8/25/2017,-1.109575272
8/26/2017,-1.118332505
8/27/2017,-0.964157462
8/28/2017,-0.699252903
8/29/2017,-0.382446408
8/30/2017,-0.063082166
8/31/2017,0.225500673
9/1/2017,0.46217677
9/2/2017,0.628466249
9/3/2017,0.701205075
9/4/2017,0.653458238
9/5/2017,0.465199262
9/6/2017,0.139625043
9/7/2017,-0.283869565
9/8/2017,-0.728526354
9/9/2017,-1.094728351
9/10/2017,-1.286987901
9/11/2017,-1.244182825
9/12/2017,-0.96165216
9/13/2017,-0.496484369
9/14/2017,0.04637979
9/15/2017,0.54258585
9/16/2017,0.881835282
9/17/2017,0.995835066
9/18/2017,0.872860134
9/19/2017,0.555974841
9/20/2017,0.127123445
9/21/2017,-0.316918492
9/22/2017,-0.689166307
9/23/2017,-0.930772662
9/24/2017,-1.018812418
9/25/2017,-0.96286571
9/26/2017,-0.793470144
9/27/2017,-0.548091888
9/28/2017,-0.260673493
9/29/2017,0.041337676
9/30/2017,0.332609832
10/1/2017,0.582484841
10/2/2017,0.750781596
10/3/2017,0.792580724
10/4/2017,0.672604144
10/5/2017,0.383280605
10/6/2017,-0.040627573
10/7/2017,-0.520373821
10/8/2017,-0.948394299
10/9/2017,-1.217136145
10/10/2017,-1.251945615
10/11/2017,-1.035851598
10/12/2017,-0.616722584
10/13/2017,-0.093964204
10/14/2017,0.410336703
10/15/2017,0.785496116
10/16/2017,0.96017921
10/17/2017,0.916158974
10/18/2017,0.68563652
10/19/2017,0.335560203
10/20/2017,-0.054119851
10/21/2017,-0.410801917
10/22/2017,-0.682705224
10/23/2017,-0.843260169
10/24/2017,-0.887523234
10/25/2017,-0.824136794
10/26/2017,-0.667325437
10/27/2017,-0.432749271
10/28/2017,-0.138873056
10/29/2017,0.187509075
10/30/2017,0.505688369
10/31/2017,0.760573626
11/1/2017,0.89102006
11/2/2017,0.846319616
11/3/2017,0.607770443
11/4/2017,0.203138947
11/5/2017,-0.291131705
11/6/2017,-0.764726043
11/7/2017,-1.102619171
11/8/2017,-1.219101787
11/9/2017,-1.084413886
11/10/2017,-0.733993053
11/11/2017,-0.256928891
11/12/2017,0.231781453
11/13/2017,0.624704897
11/14/2017,0.849407196
11/15/2017,0.881588459
11/16/2017,0.741996825
11/17/2017,0.481353402
11/18/2017,0.160981044
11/19/2017,-0.163372919
11/20/2017,-0.450083643
11/21/2017,-0.672206938
11/22/2017,-0.812953711
11/23/2017,-0.860373199
11/24/2017,-0.804966688
11/25/2017,-0.642013252
11/26/2017,-0.377907723
11/27/2017,-0.037581775
11/28/2017,0.331213057
11/29/2017,0.660757005
11/30/2017,0.875324488
12/1/2017,0.910727739
12/2/2017,0.735797942
12/3/2017,0.369236976
12/4/2017,-0.118363805
12/5/2017,-0.618729472
12/6/2017,-1.013986707
12/7/2017,-1.210404754
12/8/2017,-1.165890932
12/9/2017,-0.901247859
12/10/2017,-0.491244406
12/11/2017,-0.03936401
12/12/2017,0.353804737
12/13/2017,0.616874754
12/14/2017,0.720282912
12/15/2017,0.673305571
12/16/2017,0.510012448
12/17/2017,0.272289693
12/18/2017,-0.002483761
12/19/2017,-0.285348207
12/20/2017,-0.552350461
12/21/2017,-0.778368771
12/22/2017,-0.933482647
12/23/2017,-0.985321879
12/24/2017,-0.907564819
12/25/2017,-0.691649079
12/26/2017,-0.356952906
12/27/2017,0.045322355
12/28/2017,0.437720507
12/29/2017,0.731885195
12/30/2017,0.850703895
12/31/2017,0.751287937
1/1/2018,0.44133237
1/2/2018,-0.018179059
1/3/2018,-0.52346772
1/4/2018,-0.958788693
1/5/2018,-1.225823879
1/6/2018,-1.271672845
1/7/2018,-1.101675391
1/8/2018,-0.773489654
1/9/2018,-0.375359684
1/10/2018,0.002476943
1/11/2018,0.2922149
1/12/2018,0.460471302
1/13/2018,0.505743921
1/14/2018,0.44576335
1/15/2018,0.302934557
1/16/2018,0.09549316
1/17/2018,-0.162230581
1/18/2018,-0.452514768
1/19/2018,-0.745855391
1/20/2018,-0.997918308
1/21/2018,-1.155451655
1/22/2018,-1.170278072
1/23/2018,-1.016503096
1/24/2018,-0.704287529
1/25/2018,-0.284422278
1/26/2018,0.159085974
1/27/2018,0.527376115
1/28/2018,0.731492221
1/29/2018,0.716740489
1/30/2018,0.479403704
1/31/2018,0.070201658
2/1/2018,-0.417557448
2/2/2018,-0.872877777
2/3/2018,-1.194923282
2/4/2018,-1.323613405
2/5/2018,-1.24954021
2/6/2018,-1.011929393
2/7/2018,-0.680971324
2/8/2018,-0.333198428
2/9/2018,-0.029827256
2/10/2018,0.194150969
2/11/2018,0.327903032
2/12/2018,0.373738945
2/13/2018,0.335041404
2/14/2018,0.210631296
2/15/2018,-0.001242295
2/16/2018,-0.291947454
2/17/2018,-0.631511211
2/18/2018,-0.965183377
2/19/2018,-1.221679211
2/20/2018,-1.331729531
2/21/2018,-1.25059855
2/22/2018,-0.976062298
2/23/2018,-0.554754674
2/24/2018,-0.073908269
2/25/2018,0.359478146
2/26/2018,0.645997584
2/27/2018,0.719791055
2/28/2018,0.565720081
3/1/2018,0.222931251
3/2/2018,-0.228034332
3/3/2018,-0.679840624
3/4/2018,-1.038348913
3/5/2018,-1.237732649
3/6/2018,-1.256031394
3/7/2018,-1.114226937
3/8/2018,-0.862654448
3/9/2018,-0.561037123
3/10/2018,-0.260572851
3/11/2018,0.005098048
3/12/2018,0.217956021
3/13/2018,0.36626929
3/14/2018,0.435147077
3/15/2018,0.404050231
3/16/2018,0.254204094
3/17/2018,-0.017079366
3/18/2018,-0.382787347
3/19/2018,-0.781719267
3/20/2018,-1.127975225
3/21/2018,-1.333011985
3/22/2018,-1.332941413
3/23/2018,-1.110950947
3/24/2018,-0.706255555
3/25/2018,-0.205978885
3/26/2018,0.277476609
3/27/2018,0.636199594
3/28/2018,0.794465899
3/29/2018,0.726480842
3/30/2018,0.459870607
3/31/2018,0.065024734
4/1/2018,-0.365706831
4/2/2018,-0.743611574
4/3/2018,-0.999556124
4/4/2018,-1.104097128
4/5/2018,-1.061509967
4/6/2018,-0.901495457
4/7/2018,-0.66426146
4/8/2018,-0.387340009
4/9/2018,-0.099504091
4/10/2018,0.1767378
4/11/2018,0.417340368
4/12/2018,0.59009105
4/13/2018,0.655433357
4/14/2018,0.577201486
4/15/2018,0.339998692
4/16/2018,-0.034734916
4/17/2018,-0.482941091
4/18/2018,-0.907894135
4/19/2018,-1.204697132
4/20/2018,-1.291483879
4/21/2018,-1.135999203
4/22/2018,-0.767557383
4/23/2018,-0.269888043
4/24/2018,0.242473543
4/25/2018,0.655882418
4/26/2018,0.886886656
4/27/2018,0.900527239
4/28/2018,0.713593602
4/29/2018,0.383975685
4/30/2018,-0.008810312
5/1/2018,-0.38513726
5/2/2018,-0.682786822
5/3/2018,-0.864986539
5/4/2018,-0.922409058
5/5/2018,-0.864346981
5/6/2018,-0.709451795
5/7/2018,-0.478132963
5/8/2018,-0.190592721
5/9/2018,0.129201695
5/10/2018,0.446912736
5/11/2018,0.71419996
5/12/2018,0.873180926
5/13/2018,0.870560646
5/14/2018,0.677761912
5/15/2018,0.308993518
5/16/2018,-0.171846241
5/17/2018,-0.661159813
5/18/2018,-1.041595936
5/19/2018,-1.215987802
5/20/2018,-1.137270212
5/21/2018,-0.823326886
5/22/2018,-0.351368815
5/23/2018,0.165734619
5/24/2018,0.612233877
5/25/2018,0.899896502
5/26/2018,0.986652315
5/27/2018,0.879486561
5/28/2018,0.623589337
5/29/2018,0.283956885
5/30/2018,-0.07322982
5/31/2018,-0.393816024
6/1/2018,-0.641082883
6/2/2018,-0.793382108
6/3/2018,-0.842367351
6/4/2018,-0.783354342
6/5/2018,-0.61682415
6/6/2018,-0.350942641
6/7/2018,-0.007992509
6/8/2018,0.369732469
6/9/2018,0.719371438
6/10/2018,0.96593082
6/11/2018,1.039953947
6/12/2018,0.90009886
6/13/2018,0.552582324
6/14/2018,0.058703694
6/15/2018,-0.475084662
6/16/2018,-0.923697948
6/17/2018,-1.178713679
6/18/2018,-1.180331111
6/19/2018,-0.934467971
6/20/2018,-0.508941352
6/21/2018,-0.010710847
6/22/2018,0.446789801
6/23/2018,0.77421391
6/24/2018,0.924834847
6/25/2018,0.896992326
6/26/2018,0.723073661
6/27/2018,0.452183485
6/28/2018,0.134419903
6/29/2018,-0.187999263
6/30/2018,-0.481830209
7/1/2018,-0.718971908
7/2/2018,-0.871254086
7/3/2018,-0.913995206
7/4/2018,-0.825209498
7/5/2018,-0.598210394
7/6/2018,-0.250536948
7/7/2018,0.170270145
7/8/2018,0.58905822
7/9/2018,0.915635288
7/10/2018,1.066061616
7/11/2018,0.987365484
7/12/2018,0.67768681
7/13/2018,0.193763435
7/14/2018,-0.359054893
7/15/2018,-0.853164315
7/16/2018,-1.173907638
7/17/2018,-1.251978993
7/18/2018,-1.081730723
7/19/2018,-0.71911943
7/20/2018,-0.260799378
7/21/2018,0.187016442
7/22/2018,0.538009822
7/23/2018,0.743491948
7/24/2018,0.794341624
7/25/2018,0.710099459
7/26/2018,0.522969484
7/27/2018,0.265075177
7/28/2018,-0.03606654
7/29/2018,-0.354128301
7/30/2018,-0.657236934
7/31/2018,-0.904018044
8/1/2018,-1.046771646
8/2/2018,-1.041478872
8/3/2018,-0.866345942
8/4/2018,-0.530688047
8/5/2018,-0.084154703
8/6/2018,0.388836056
8/7/2018,0.78564018
8/8/2018,1.010182619
8/9/2018,0.999484897
8/10/2018,0.743907988
8/11/2018,0.293982744
8/12/2018,-0.249822274
8/13/2018,-0.762697935
8/14/2018,-1.129235029
8/15/2018,-1.274603486
8/16/2018,-1.182799935
8/17/2018,-0.896062136
8/18/2018,-0.496596664
8/19/2018,-0.07843478
8/20/2018,0.279458016
8/21/2018,0.529259562
8/22/2018,0.655642152
8/23/2018,0.665417373
8/24/2018,0.573346376
8/25/2018,0.392532498
8/26/2018,0.134064436
8/27/2018,-0.185273826
8/28/2018,-0.533247769
8/29/2018,-0.857805371
8/30/2018,-1.092981219
8/31/2018,-1.174894333
9/1/2018,-1.062631965
9/2/2018,-0.755629599
9/3/2018,-0.303240269
9/4/2018,0.20518741
9/5/2018,0.658130348
9/6/2018,0.950265825
9/7/2018,1.010462642
9/8/2018,0.8217116
9/9/2018,0.426890612
9/10/2018,-0.081842288
9/11/2018,-0.587429523
9/12/2018,-0.979070008
9/13/2018,-1.180675507
9/14/2018,-1.16776669
9/15/2018,-0.967846632
9/16/2018,-0.645274222
9/17/2018,-0.277392358
9/18/2018,0.068370461
9/19/2018,0.347975284
9/20/2018,0.541372418
9/21/2018,0.64313674
9/22/2018,0.650638103
9/23/2018,0.557761848
9/24/2018,0.358416468
9/25/2018,0.058017418
9/26/2018,-0.313982397
9/27/2018,-0.698916614
9/28/2018,-1.016515017
9/29/2018,-1.184798241
9/30/2018,-1.145780683
10/1/2018,-0.887318254
10/2/2018,-0.45169431
10/3/2018,0.068641409
10/4/2018,0.558350801
10/5/2018,0.906122684
10/6/2018,1.03456831
10/7/2018,0.919664562
10/8/2018,0.595355749
10/9/2018,0.142589644
10/10/2018,-0.333529025
10/11/2018,-0.731546283
10/12/2018,-0.978262305
10/13/2018,-1.043141246
10/14/2018,-0.938983262
10/15/2018,-0.710080326
10/16/2018,-0.413497388
10/17/2018,-0.101360135
10/18/2018,0.18907471
10/19/2018,0.434947878
10/20/2018,0.619692087
10/21/2018,0.724019647
10/22/2018,0.723140895
10/23/2018,0.593796968
10/24/2018,0.328864217
10/25/2018,-0.047803286
10/26/2018,-0.475181818
10/27/2018,-0.863390446
10/28/2018,-1.116026044
10/29/2018,-1.159416318
10/30/2018,-0.967971265
10/31/2018,-0.575758874
11/1/2018,-0.069557726
11/2/2018,0.435531169
11/3/2018,0.822937131
11/4/2018,1.012367368
11/5/2018,0.973093212
11/6/2018,0.729085803
11/7/2018,0.34788397
11/8/2018,-0.080531657
11/9/2018,-0.467841595
11/10/2018,-0.747484624
11/11/2018,-0.885721743
11/12/2018,-0.881854177
11/13/2018,-0.759373248
11/14/2018,-0.552733064
11/15/2018,-0.295624465
11/16/2018,-0.015450194
11/17/2018,0.264610827
11/18/2018,0.518704891
11/19/2018,0.712322533
11/20/2018,0.803112984
11/21/2018,0.75115484
11/22/2018,0.53607887
11/23/2018,0.173705384
11/24/2018,-0.276694298
11/25/2018,-0.720552683
11/26/2018,-1.051332712
11/27/2018,-1.181892633
11/28/2018,-1.072570443
11/29/2018,-0.745286226
11/30/2018,-0.278179318
12/1/2018,0.217235655
12/2/2018,0.6292032
12/3/2018,0.870487452
12/4/2018,0.905741215
12/5/2018,0.748316169
12/6/2018,0.45096159
12/7/2018,0.086495571
12/8/2018,-0.272608668
12/9/2018,-0.569634974
12/10/2018,-0.770805418
12/11/2018,-0.864262164
12/12/2018,-0.853524625
12/13/2018,-0.749511123
12/14/2018,-0.565124273
12/15/2018,-0.314837158
12/16/2018,-0.019074319
12/17/2018,0.289651901
12/18/2018,0.563669622
12/19/2018,0.744547606
12/20/2018,0.776440561
12/21/2018,0.625329018
12/22/2018,0.297027051
12/23/2018,-0.154544532
12/24/2018,-0.634751141
12/25/2018,-1.031345844
12/26/2018,-1.246556282
12/27/2018,-1.226962328
12/28/2018,-0.980077982
12/29/2018,-0.571442306
12/30/2018,-0.103566587
12/31/2018,0.315072924
1/1/2019,0.599651814
1/2/2019,0.70735234
1/3/2019,0.64083153
1/4/2019,0.4378061
1/5/2019,0.152942881
1/6/2019,-0.158852994
1/7/2019,-0.453357488
1/8/2019,-0.700087428
1/9/2019,-0.879299402
1/10/2019,-0.97677654
1/11/2019,-0.980352104
1/12/2019,-0.880659699
1/13/2019,-0.676328599
1/14/2019,-0.381541669
1/15/2019,-0.032214433
1/16/2019,0.313371658
1/17/2019,0.582418919
1/18/2019,0.704008996
1/19/2019,0.630329311
1/20/2019,0.355798632
1/21/2019,-0.073791176
1/22/2019,-0.567631066
1/23/2019,-1.011948109
1/24/2019,-1.301649809
1/25/2019,-1.370962501
1/26/2019,-1.212087989
1/27/2019,-0.875165045
1/28/2019,-0.450032473
1/29/2019,-0.037281748
1/30/2019,0.280284554
1/31/2019,0.45590204
2/1/2019,0.482172906
2/2/2019,0.379693687
2/3/2019,0.188344657
2/4/2019,-0.057079609
2/5/2019,-0.326969266
2/6/2019,-0.597425878
2/7/2019,-0.844646156
2/8/2019,-1.039942622
2/9/2019,-1.1496948
2/10/2019,-1.141722679
2/11/2019,-0.996335089
2/12/2019,-0.717925787
2/13/2019,-0.342229217
2/14/2019,0.064737134
2/15/2019,0.41770196
2/16/2019,0.631660104
2/17/2019,0.64519465
2/18/2019,0.440647572
2/19/2019,0.053922389
2/20/2019,-0.430902421
2/21/2019,-0.902217627
2/22/2019,-1.251244783
2/23/2019,-1.402392864
2/24/2019,-1.333210588
2/25/2019,-1.077080607
2/26/2019,-0.708357036
2/27/2019,-0.316420972
2/28/2019,0.020928845
3/1/2019,0.255018294
3/2/2019,0.367821157
3/3/2019,0.371582359
3/4/2019,0.282930076
3/5/2019,0.119320028
3/6/2019,-0.105891354
3/7/2019,-0.378380835
3/8/2019,-0.674183309
3/9/2019,-0.953944743
3/10/2019,-1.165121436
3/11/2019,-1.253169179
3/12/2019,-1.178385854
3/13/2019,-0.93223834
3/14/2019,-0.546745718
3/15/2019,-0.092628248
3/16/2019,0.334498495
3/17/2019,0.63683641
3/18/2019,0.740050614
3/19/2019,0.614526749
3/20/2019,0.285574824
3/21/2019,-0.171335906
3/22/2019,-0.649870694
3/23/2019,-1.041405559
3/24/2019,-1.264103651
3/25/2019,-1.283064008
3/26/2019,-1.115063429
3/27/2019,-0.817108393
3/28/2019,-0.464200854
3/29/2019,-0.125641525
3/30/2019,0.151009053
3/31/2019,0.343472093
4/1/2019,0.447219074
4/2/2019,0.461308539
4/3/2019,0.388533175
4/4/2019,0.222720817
4/5/2019,-0.033813056
4/6/2019,-0.360455811
4/7/2019,-0.711061954
4/8/2019,-1.017338634
4/9/2019,-1.20389843
4/10/2019,-1.210500598
4/11/2019,-1.013439059
4/12/2019,-0.637894154
4/13/2019,-0.156185314
4/14/2019,0.328266084
4/15/2019,0.706759393
4/16/2019,0.893443108
4/17/2019,0.847697496
4/18/2019,0.58444953
4/19/2019,0.169521689
4/20/2019,-0.298643321
4/21/2019,-0.715536714
4/22/2019,-0.997460365
4/23/2019,-1.100570083
4/24/2019,-1.026543736
4/25/2019,-0.814124942
4/26/2019,-0.521039665
4/27/2019,-0.204252958
4/28/2019,0.093456864
4/29/2019,0.346254587
4/30/2019,0.538598776
5/1/2019,0.655286133
5/2/2019,0.674955606
5/3/2019,0.577426314
5/4/2019,0.350434899
5/5/2019,0.008500631
5/6/2019,-0.398978829
5/7/2019,-0.791522741
5/8/2019,-1.075505733
5/9/2019,-1.171057582
5/10/2019,-1.038341045
5/11/2019,-0.693306267
5/12/2019,-0.206801549
5/13/2019,0.313010812
5/14/2019,0.749221861
5/15/2019,1.006696105
5/16/2019,1.035505772
5/17/2019,0.841062069
5/18/2019,0.479075491
5/19/2019,0.037881862
5/20/2019,-0.386012942
5/21/2019,-0.71182394
5/22/2019,-0.891098201
5/23/2019,-0.912966132
5/24/2019,-0.797917187
5/25/2019,-0.584032714
5/26/2019,-0.312160015
5/27/2019,-0.0163601
5/28/2019,0.277097821
5/29/2019,0.543631077
5/30/2019,0.752674997
5/31/2019,0.865276515
6/1/2019,0.841258824
6/2/2019,0.655324042
6/3/2019,0.313686907
6/4/2019,-0.13384971
6/5/2019,-0.598416924
6/6/2019,-0.971817136
6/7/2019,-1.157014132
6/8/2019,-1.098569989
6/9/2019,-0.801713407
6/10/2019,-0.332826763
6/11/2019,0.198872387
6/12/2019,0.671901107
6/13/2019,0.984941006
6/14/2019,1.081044316
6/15/2019,0.957317948
6/16/2019,0.659147143
6/17/2019,0.262821019
6/18/2019,-0.14678891
6/19/2019,-0.496517867
6/20/2019,-0.737926662
6/21/2019,-0.850813329
6/22/2019,-0.83829689
6/23/2019,-0.717257202
6/24/2019,-0.509166896
6/25/2019,-0.235601217
6/26/2019,0.079966858
6/27/2019,0.406134695
6/28/2019,0.698337197
6/29/2019,0.900083542
6/30/2019,0.953826725
7/1/2019,0.81975472
7/2/2019,0.496118605
7/3/2019,0.029900648
7/4/2019,-0.485354394
7/5/2019,-0.931440115
7/6/2019,-1.198045731
7/7/2019,-1.216113806
7/8/2019,-0.979606032
7/9/2019,-0.547602952
7/10/2019,-0.026152281
7/11/2019,0.46318087
7/12/2019,0.816739082
7/13/2019,0.973226845
7/14/2019,0.922736824
7/15/2019,0.700151622
7/16/2019,0.368017793
7/17/2019,-0.003562091
7/18/2019,-0.353207618
7/19/2019,-0.636863649
7/20/2019,-0.828500569
7/21/2019,-0.915579915
7/22/2019,-0.893334568
7/23/2019,-0.761617601
7/24/2019,-0.526359499
7/25/2019,-0.205109835
7/26/2019,0.166442782
7/27/2019,0.531651258
7/28/2019,0.818078637
7/29/2019,0.952239931
7/30/2019,0.881168365
7/31/2019,0.593839943
8/1/2019,0.133554161
8/2/2019,-0.405958056
8/3/2019,-0.900987029
8/4/2019,-1.233330011
8/5/2019,-1.323481679
8/6/2019,-1.15446794
8/7/2019,-0.775514901
8/8/2019,-0.284981132
8/9/2019,0.200565025
8/10/2019,0.579475582
8/11/2019,0.788976252
8/12/2019,0.813379467
8/13/2019,0.676860452
8/14/2019,0.42682609
8/15/2019,0.116189353
8/16/2019,-0.208718061
8/17/2019,-0.511945784
8/18/2019,-0.765143275
8/19/2019,-0.942607641
8/20/2019,-1.018799424
8/21/2019,-0.971081674
8/22/2019,-0.787521064
8/23/2019,-0.476863533
8/24/2019,-0.076154396
8/25/2019,0.348558813
8/26/2019,0.711308777
8/27/2019,0.924801707
8/28/2019,0.924446106
8/29/2019,0.690587103
8/30/2019,0.260692537
8/31/2019,-0.274635822
9/1/2019,-0.792854249
9/2/2019,-1.172616839
9/3/2019,-1.327195764
9/4/2019,-1.230308294
9/5/2019,-0.919261098
9/6/2019,-0.480331063
9/7/2019,-0.019878613
9/8/2019,0.366984159
9/9/2019,0.618933618
9/10/2019,0.715701103
9/11/2019,0.670628428
9/12/2019,0.515023649
9/13/2019,0.283059776
9/14/2019,0.003845468
9/15/2019,-0.297629625
9/16/2019,-0.59401232
9/17/2019,-0.849613965
9/18/2019,-1.020362973
9/19/2019,-1.061794996
9/20/2019,-0.94301945
9/21/2019,-0.66145438
9/22/2019,-0.252170801
9/23/2019,0.212899357
9/24/2019,0.637517631
9/25/2019,0.923280716
9/26/2019,0.995771945
9/27/2019,0.827122867
9/28/2019,0.447508931
9/29/2019,-0.059278701
9/30/2019,-0.576324284
10/1/2019,-0.984799206
10/2/2019,-1.195667028
10/3/2019,-1.174807549
10/4/2019,-0.946111262
10/5/2019,-0.580015898
10/6/2019,-0.167858437
10/7/2019,0.206152916
10/8/2019,0.485077471
10/9/2019,0.645390451
10/10/2019,0.689779282
10/11/2019,0.633087873
10/12/2019,0.490110189
10/13/2019,0.271624029
10/14/2019,-0.010328648
10/15/2019,-0.332430691
10/16/2019,-0.652708769
10/17/2019,-0.912001193
10/18/2019,-1.046125054
10/19/2019,-1.005280614
10/20/2019,-0.773483515
10/21/2019,-0.380219847
10/22/2019,0.100919865
10/23/2019,0.567388594
10/24/2019,0.912757635
10/25/2019,1.054630399
10/26/2019,0.957290232
10/27/2019,0.642315626
10/28/2019,0.183680028
10/29/2019,-0.311695933
10/30/2019,-0.732509553
10/31/2019,-0.992228746
11/1/2019,-1.049814582
11/2/2019,-0.913627625
11/3/2019,-0.639846087
11/4/2019,-0.298956633
11/5/2019,0.039664876
11/6/2019,0.326414227
11/7/2019,0.536195159
11/8/2019,0.661789179
11/9/2019,0.701921701
11/10/2019,0.652195394
11/11/2019,0.504812837
11/12/2019,0.257598519
11/13/2019,-0.07288792
11/14/2019,-0.442361146
11/15/2019,-0.780853987
11/16/2019,-1.007721305
11/17/2019,-1.055338502
11/18/2019,-0.892821372
11/19/2019,-0.540469408
11/20/2019,-0.068929158
11/21/2019,0.417328656
11/22/2019,0.807133436
11/23/2019,1.011906743
11/24/2019,0.988389194
11/25/2019,0.748501956
11/26/2019,0.35410583
11/27/2019,-0.101204626
11/28/2019,-0.517582893
11/29/2019,-0.814127147
11/30/2019,-0.946536183
12/1/2019,-0.912517965
12/2/2019,-0.742248714
12/3/2019,-0.491225213
12/4/2019,-0.208441347
12/5/2019,0.066822842
12/6/2019,0.310126722
12/7/2019,0.505849063
12/8/2019,0.637682438
12/9/2019,0.682870448
12/10/2019,0.615369439
12/11/2019,0.418026745
12/12/2019,0.09828873
12/13/2019,-0.301149338
12/14/2019,-0.704133511
12/15/2019,-1.017509699
12/16/2019,-1.157770038
12/17/2019,-1.078371525
12/18/2019,-0.78725642
12/19/2019,-0.34764114
12/20/2019,0.138511911
12/21/2019,0.558612347
12/22/2019,0.819687486
12/23/2019,0.871323228
12/24/2019,0.715132594
12/25/2019,0.399430066
12/26/2019,0.00233088
12/27/2019,-0.390610874
12/28/2019,-0.707373917
12/29/2019,-0.903449893
12/30/2019,-0.965909779
12/31/2019,-0.907981396
1/1/2020,-0.757657409
1/2/2020,-0.544926286
1/3/2020,-0.297812909
1/4/2020,-0.036070291
1/5/2020,0.218588188
1/6/2020,0.436579764
1/7/2020,0.578050852
1/8/2020,0.599336088
1/9/2020,0.467885256
1/10/2020,0.180125251
1/11/2020,-0.226297051
1/12/2020,-0.673458278
1/13/2020,-1.059883356
1/14/2020,-1.288805008
1/15/2020,-1.298205376
1/16/2020,-1.081413507
1/17/2020,-0.690384507
1/18/2020,-0.220452785
1/19/2020,0.217669502
1/20/2020,0.528585136
1/21/2020,0.655486584
1/22/2020,0.589651108
1/23/2020,0.36532864
1/24/2020,0.044106163
1/25/2020,-0.304588437
1/26/2020,-0.620352745
1/27/2020,-0.861790895
1/28/2020,-1.008450866
1/29/2020,-1.056398273
1/30/2020,-1.01095295
1/31/2020,-0.880595326
2/1/2020,-0.675081134
2/2/2020,-0.409794241
2/3/2020,-0.107614286
2/4/2020,0.190123484
2/5/2020,0.427987367
2/6/2020,0.54545182
2/7/2020,0.494428784
2/8/2020,0.259003282
2/9/2020,-0.130894974
2/10/2020,-0.599322379
2/11/2020,-1.040499926
2/12/2020,-1.347548366
2/13/2020,-1.44426918
2/14/2020,-1.308457732
2/15/2020,-0.978101492
2/16/2020,-0.538403749
2/17/2020,-0.094943509
2/18/2020,0.256828278
2/19/2020,0.455128908
2/20/2020,0.481652975
2/21/2020,0.356920719
2/22/2020,0.125824496
2/23/2020,-0.159380317
2/24/2020,-0.452174395
2/25/2020,-0.717654884
2/26/2020,-0.931632698
2/27/2020,-1.076095819
2/28/2020,-1.135064483
2/29/2020,-1.093981385
3/1/2020,-0.943769634
3/2/2020,-0.689724386
3/3/2020,-0.354011953
3/4/2020,0.013381362
3/5/2020,0.343149841
3/6/2020,0.558812857
3/7/2020,0.596956015
3/8/2020,0.428729594
3/9/2020,0.074696854
3/10/2020,-0.393975675
3/11/2020,-0.870798469
3/12/2020,-1.242335796
3/13/2020,-1.420699
3/14/2020,-1.36881721
3/15/2020,-1.109426737
3/16/2020,-0.71490109
3/17/2020,-0.282461673
3/18/2020,0.09533675
3/19/2020,0.354011834
3/20/2020,0.467269778
3/21/2020,0.442931801
3/22/2020,0.309604049
3/23/2020,0.101836517
3/24/2020,-0.149573028
3/25/2020,-0.419394284
3/26/2020,-0.683672905
3/27/2020,-0.914028108
3/28/2020,-1.075481415
3/29/2020,-1.130626321
3/30/2020,-1.049694538
3/31/2020,-0.823158205
4/1/2020,-0.471954495
4/2/2020,-0.051964313
4/3/2020,0.357918531
4/4/2020,0.66549772
4/5/2020,0.79278034
4/6/2020,0.698232412
4/7/2020,0.392472029
4/8/2020,-0.059925348
4/9/2020,-0.554881334
4/10/2020,-0.976309359
4/11/2020,-1.228286147
4/12/2020,-1.26115334
4/13/2020,-1.08259666
4/14/2020,-0.750310242
4/15/2020,-0.349951744
4/16/2020,0.032413661
4/17/2020,0.332782447
4/18/2020,0.519242764
4/19/2020,0.588426888
4/20/2020,0.55333358
4/21/2020,0.430546612
4/22/2020,0.233714312
4/23/2020,-0.024303611
4/24/2020,-0.323449194
4/25/2020,-0.628802359
4/26/2020,-0.88933599
4/27/2020,-1.046013117
4/28/2020,-1.047604084
4/29/2020,-0.868826032
4/30/2020,-0.523938358
5/1/2020,-0.07013537
5/2/2020,0.401461571
5/3/2020,0.786951721
5/4/2020,0.995297909
5/5/2020,0.973391712
5/6/2020,0.722266376
5/7/2020,0.29892534
5/8/2020,-0.197648898
5/9/2020,-0.652837098
5/10/2020,-0.967241943
5/11/2020,-1.082247972
5/12/2020,-0.992027044
5/13/2020,-0.738610148
5/14/2020,-0.393048674
5/15/2020,-0.030887626
5/16/2020,0.288217425
5/17/2020,0.529683948
5/18/2020,0.680758595
5/19/2020,0.739624202
5/20/2020,0.704838395
5/21/2020,0.571970344
5/22/2020,0.339573711
5/23/2020,0.020875208
5/24/2020,-0.346211344
5/25/2020,-0.697987914
5/26/2020,-0.956104636
5/27/2020,-1.048515081
5/28/2020,-0.933095336
5/29/2020,-0.615077138
5/30/2020,-0.151395023
5/31/2020,0.360412657
6/1/2020,0.805892706
6/2/2020,1.08320272
6/3/2020,1.129313707
6/4/2020,0.936956108
6/5/2020,0.55509752
6/6/2020,0.07523036
6/7/2020,-0.393685311
6/8/2020,-0.753862262
6/9/2020,-0.942254066
6/10/2020,-0.942070484
6/11/2020,-0.779501677
6/12/2020,-0.50831598
6/13/2020,-0.189423233
6/14/2020,0.126076356
6/15/2020,0.404204577
6/16/2020,0.624800086
6/17/2020,0.772116244
6/18/2020,0.826872051
6/19/2020,0.766225696
6/20/2020,0.573413193
6/21/2020,0.252839953
6/22/2020,-0.157621652
6/23/2020,-0.585258961
6/24/2020,-0.935820758
6/25/2020,-1.118651986
6/26/2020,-1.075161576
6/27/2020,-0.80004698
6/28/2020,-0.347075433
6/29/2020,0.183138937
6/30/2020,0.669505417
7/1/2020,1.002493382
7/2/2020,1.111686707
7/3/2020,0.983043194
7/4/2020,0.656996548
7/5/2020,0.215358511
7/6/2020,-0.242588073
7/7/2020,-0.625751436
7/8/2020,-0.871492028
7/9/2020,-0.955236077
7/10/2020,-0.887934446
7/11/2020,-0.704092085
7/12/2020,-0.446301162
7/13/2020,-0.153034821
7/14/2020,0.14567931
7/15/2020,0.424420297
7/16/2020,0.654655039
7/17/2020,0.799883425
7/18/2020,0.819230318
7/19/2020,0.680553555
7/20/2020,0.378394037
7/21/2020,-0.051897354
7/22/2020,-0.532418311
7/23/2020,-0.957388699
7/24/2020,-1.221215725
7/25/2020,-1.250647783
7/26/2020,-1.029219627
7/27/2020,-0.604688644
7/28/2020,-0.076533481
7/29/2020,0.432043552
7/30/2020,0.807884932
7/31/2020,0.976450264
8/1/2020,0.917035162
8/2/2020,0.660757542
8/3/2020,0.280078679
8/4/2020,-0.14015238
8/5/2020,-0.520121634
8/6/2020,-0.802191496
8/7/2020,-0.957436085
8/8/2020,-0.982925057
8/9/2020,-0.892937958
8/10/2020,-0.709003806
8/11/2020,-0.453477055
8/12/2020,-0.149217635
8/13/2020,0.175493404
8/14/2020,0.480976701
8/15/2020,0.714780509
8/16/2020,0.819132388
8/17/2020,0.747277439
8/18/2020,0.483607978
8/19/2020,0.058936033
8/20/2020,-0.447539419
8/21/2020,-0.92356354
8/22/2020,-1.253403783
8/23/2020,-1.352138996
8/24/2020,-1.192320824
8/25/2020,-0.813037932
8/26/2020,-0.308035195
8/27/2020,0.202529326
8/28/2020,0.606307566
8/29/2020,0.827251732
8/30/2020,0.839964032
8/31/2020,0.667571127
9/1/2020,0.366817564
9/2/2020,0.006886257
9/3/2020,-0.345346361
9/4/2020,-0.642291009
9/5/2020,-0.854074776
9/6/2020,-0.965991616
9/7/2020,-0.972422063
9/8/2020,-0.872434497
9/9/2020,-0.669706643
9/10/2020,-0.376978129
9/11/2020,-0.022630628
9/12/2020,0.344880372
9/13/2020,0.659231007
9/14/2020,0.84760493
9/15/2020,0.849977136
9/16/2020,0.640764654
9/17/2020,0.244537041
9/18/2020,-0.262023538
9/19/2020,-0.765494585
9/20/2020,-1.145388246
9/21/2020,-1.308872223
9/22/2020,-1.218387842
9/23/2020,-0.902094185
9/24/2020,-0.44345355
9/25/2020,0.04573828
9/26/2020,0.458523691
9/27/2020,0.720269382
9/28/2020,0.801988542
9/29/2020,0.717493594
9/30/2020,0.508803427
10/1/2020,0.227838129
10/2/2020,-0.077995375
10/3/2020,-0.371414363
10/4/2020,-0.625198066
10/5/2020,-0.815670788
10/6/2020,-0.919021428
10/7/2020,-0.911999702
10/8/2020,-0.778167248
10/9/2020,-0.517538846
10/10/2020,-0.155435219
10/11/2020,0.254108429
10/12/2020,0.633812904
10/13/2020,0.898244739
10/14/2020,0.975737929
10/15/2020,0.83106178
10/16/2020,0.481036901
10/17/2020,-0.003703881
10/18/2020,-0.513632953
10/19/2020,-0.928869486
10/20/2020,-1.152736425
10/21/2020,-1.139027953
10/22/2020,-0.903400421
10/23/2020,-0.51507318
10/24/2020,-0.072546348
10/25/2020,0.327000082
10/26/2020,0.613205969
10/27/2020,0.754663229
10/28/2020,0.755816221
10/29/2020,0.643296242
10/30/2020,0.44999665
10/31/2020,0.2045497
11/1/2020,-0.070289828
11/2/2020,-0.350986421
11/3/2020,-0.610114753
11/4/2020,-0.807887912
11/5/2020,-0.900363088
11/6/2020,-0.850693107
11/7/2020,-0.643994749
11/8/2020,-0.299064279
11/9/2020,0.128401652
11/10/2020,0.553788006
11/11/2020,0.881856203
11/12/2020,1.030984759
11/13/2020,0.956595182
11/14/2020,0.666433573
11/15/2020,0.222067177
11/16/2020,-0.275230974
11/17/2020,-0.710999131
11/18/2020,-0.988716125
11/19/2020,-1.055532575
11/20/2020,-0.914023995
11/21/2020,-0.616319239
11/22/2020,-0.24357377
11/23/2020,0.120739467
11/24/2020,0.413375318
11/25/2020,0.601997495
11/26/2020,0.682192743
11/27/2020,0.665292323
11/28/2020,0.56509763
11/29/2020,0.390943319
11/30/2020,0.150148258
12/1/2020,-0.142753854
12/2/2020,-0.455362737
12/3/2020,-0.739277482
12/4/2020,-0.93189311
12/5/2020,-0.976701915
12/6/2020,-0.842295766
12/7/2020,-0.537454545
12/8/2020,-0.115225963
12/9/2020,0.336467415
12/10/2020,0.715561807
12/11/2020,0.932096839
12/12/2020,0.932390153
12/13/2020,0.714066386
12/14/2020,0.327367663
12/15/2020,-0.137979776
12/16/2020,-0.576802731
12/17/2020,-0.896391749
12/18/2020,-1.039758325
12/19/2020,-0.997046232
12/20/2020,-0.801960707
12/21/2020,-0.515537381
12/22/2020,-0.204270855
12/23/2020,0.078586742
12/24/2020,0.301812887
12/25/2020,0.453423887
12/26/2020,0.53032279
12/27/2020,0.527859807
12/28/2020,0.436249465
12/29/2020,0.24653551
12/30/2020,-0.036947176
12/31/2020,-0.384884596
1/1/2021,-0.739790499
1/2/2021,-1.024373055
1/3/2021,-1.165948033
1/4/2021,-1.115026593
1/5/2021,-0.867278397
1/6/2021,-0.468876362
1/7/2021,-0.00695952
1/8/2021,0.412608057
1/9/2021,0.69314909
1/10/2021,0.772246122
1/11/2021,0.636826754
1/12/2021,0.324468642
1/13/2021,-0.088741072
1/14/2021,-0.509729028
1/15/2021,-0.852820754
1/16/2021,-1.059871912
1/17/2021,-1.11053896
1/18/2021,-1.020429015
1/19/2021,-0.829106867
1/20/2021,-0.583550394
1/21/2021,-0.32406655
1/22/2021,-0.078068756
1/23/2021,0.137015969
1/24/2021,0.305238307
1/25/2021,0.404604495
1/26/2021,0.406718373
1/27/2021,0.285867333
1/28/2021,0.034299694
1/29/2021,-0.323857248
1/30/2021,-0.728262126
1/31/2021,-1.092270494
2/1/2021,-1.325526237
2/2/2021,-1.361632228
2/3/2021,-1.181667089
2/4/2021,-0.821071506
2/5/2021,-0.362409741
2/6/2021,0.087657154
2/7/2021,0.427547693
2/8/2021,0.586885393
2/9/2021,0.542010307
2/10/2021,0.317482203
2/11/2021,-0.025193837
2/12/2021,-0.406863421
2/13/2021,-0.751669884
2/14/2021,-1.003669858
2/15/2021,-1.135121465
2/16/2021,-1.145402789
2/17/2021,-1.052648664
2/18/2021,-0.882565558
2/19/2021,-0.659583032
2/20/2021,-0.404062659
2/21/2021,-0.136027649
2/22/2021,0.117844343
2/23/2021,0.319595516
2/24/2021,0.422883451
2/25/2021,0.385055125
2/26/2021,0.184968933
2/27/2021,-0.161010504
2/28/2021,-0.593269646
3/1/2021,-1.018555522
3/2/2021,-1.333543777
3/3/2021,-1.456279159
3/4/2021,-1.350946188
3/5/2021,-1.040277362
3/6/2021,-0.599055409
3/7/2021,-0.131741896
3/8/2021,0.257436037
3/9/2021,0.491633534
3/10/2021,0.537563801
3/11/2021,0.407332093
3/12/2021,0.147828564
3/13/2021,-0.176773593
3/14/2021,-0.502836347
3/15/2021,-0.780162036
3/16/2021,-0.977486551
3/17/2021,-1.081006765
3/18/2021,-1.088657975
3/19/2021,-1.003932953
3/20/2021,-0.832699776
3/21/2021,-0.584790826
3/22/2021,-0.279543966
3/23/2021,0.048112664
3/24/2021,0.345814914
3/25/2021,0.550081849
3/26/2021,0.601502538
3/27/2021,0.464988172
3/28/2021,0.147580549
3/29/2021,-0.294506937
3/30/2021,-0.76486969
3/31/2021,-1.151115537
4/1/2021,-1.356990695
4/2/2021,-1.33044219
4/3/2021,-1.082381487
4/4/2021,-0.676119089
4/5/2021,-0.210811555
4/6/2021,0.209629416
4/7/2021,0.504325449
4/8/2021,0.632206142
4/9/2021,0.594177842
4/10/2021,0.423011214
4/11/2021,0.167260498
4/12/2021,-0.123749681
4/13/2021,-0.409037977
4/14/2021,-0.657980442
4/15/2021,-0.847306371
4/16/2021,-0.95687741
4/17/2021,-0.967898071
4/18/2021,-0.865584671
4/19/2021,-0.645991743
4/20/2021,-0.324426353
4/21/2021,0.058611698
4/22/2021,0.438152194
4/23/2021,0.734711885
4/24/2021,0.872856677
4/25/2021,0.803856015
4/26/2021,0.524929345
4/27/2021,0.087141961
4/28/2021,-0.413041055
4/29/2021,-0.8578493
4/30/2021,-1.140986204
5/1/2021,-1.198084831
5/2/2021,-1.022740722
5/3/2021,-0.670767784
5/4/2021,-0.231009319
5/5/2021,0.196609572
5/6/2021,0.530555785
5/7/2021,0.724609613
5/8/2021,0.77020818
5/9/2021,0.686746716
5/10/2021,0.506755888
5/11/2021,0.263504952
5/12/2021,-0.01430027
5/13/2021,-0.300594002
5/14/2021,-0.566510737
5/15/2021,-0.776607335
5/16/2021,-0.890703022
5/17/2021,-0.872285783
5/18/2021,-0.701132596
5/19/2021,-0.385501474
5/20/2021,0.031295147
5/21/2021,0.473855972
5/22/2021,0.848398983
5/23/2021,1.064928174
5/24/2021,1.062252402
5/25/2021,0.828214407
5/26/2021,0.407783896
5/27/2021,-0.105249159
5/28/2021,-0.591976047
5/29/2021,-0.940768123
5/30/2021,-1.077922344
5/31/2021,-0.986180604
6/1/2021,-0.705036342
6/2/2021,-0.312815309
6/3/2021,0.096788473
6/4/2021,0.446948409
6/5/2021,0.689495325
6/6/2021,0.808352292
6/7/2021,0.810304642
6/8/2021,0.711569369
6/9/2021,0.528046191
6/10/2021,0.273814231
6/11/2021,-0.03285066
6/12/2021,-0.361100465
6/13/2021,-0.663383842
6/14/2021,-0.880106866
6/15/2021,-0.953314245
6/16/2021,-0.845183909
6/17/2021,-0.554528832
6/18/2021,-0.124667786
6/19/2021,0.361318231
6/20/2021,0.79789114
6/21/2021,1.082820535
6/22/2021,1.144407272
6/23/2021,0.96220386
6/24/2021,0.574608266
6/25/2021,0.070207387
6/26/2021,-0.435368776
6/27/2021,-0.830478847
6/28/2021,-1.036763549
6/29/2021,-1.027326584
6/30/2021,-0.828257263
7/1/2021,-0.504110634
7/2/2021,-0.133854404
7/3/2021,0.212061226
7/4/2021,0.487347782
7/5/2021,0.670466125
7/6/2021,0.756368101
7/7/2021,0.744852066
7/8/2021,0.633702338
7/9/2021,0.420936495
7/10/2021,0.114751585
7/11/2021,-0.255129725
7/12/2021,-0.632527769
7/13/2021,-0.941496789
7/14/2021,-1.104459405
7/15/2021,-1.066088796
7/16/2021,-0.814152122
7/17/2021,-0.389141768
7/18/2021,0.121621966
7/19/2021,0.60435462
7/20/2021,0.947783053
7/21/2021,1.072218299
7/22/2021,0.950301945
7/23/2021,0.613549411
7/24/2021,0.142959774
7/25/2021,-0.353434086
7/26/2021,-0.769362688
7/27/2021,-1.026823521
7/28/2021,-1.092428088
7/29/2021,-0.979220092
7/30/2021,-0.734783173
7/31/2021,-0.421417445
8/1/2021,-0.096789874
8/2/2021,0.196828246
8/3/2021,0.435825706
8/4/2021,0.603710651
8/5/2021,0.684132397
8/6/2021,0.656716466
8/7/2021,0.502962708
8/8/2021,0.21967639
8/9/2021,-0.167092562
8/10/2021,-0.596208036
8/11/2021,-0.979424775
8/12/2021,-1.222840667
8/13/2021,-1.255127907
8/14/2021,-1.052228212
8/15/2021,-0.648971856
8/16/2021,-0.132803351
8/17/2021,0.378680557
8/18/2021,0.769085526
8/19/2021,0.953564942
8/20/2021,0.899210274
8/21/2021,0.630274951
8/22/2021,0.217927098
8/23/2021,-0.241310462
8/24/2021,-0.651445031
8/25/2021,-0.939597905
8/26/2021,-1.069248676
8/27/2021,-1.041434526
8/28/2021,-0.885332167
8/29/2021,-0.643229604
8/30/2021,-0.356544197
8/31/2021,-0.058411647
9/1/2021,0.225254446
9/2/2021,0.467903286
9/3/2021,0.639657736
9/4/2021,0.701979518
9/5/2021,0.620262802
9/6/2021,0.379412949
9/7/2021,-0.000258333
9/8/2021,-0.456411928
9/9/2021,-0.893268287
9/10/2021,-1.205043793
9/11/2021,-1.307081819
9/12/2021,-1.163480043
9/13/2021,-0.800692379
9/14/2021,-0.301741213
9/15/2021,0.217033997
9/16/2021,0.63849473
9/17/2021,0.875550926
9/18/2021,0.890926838
9/19/2021,0.701122999
9/20/2021,0.365505069
9/21/2021,-0.034100085
9/22/2021,-0.41594857
9/23/2021,-0.716362894
9/24/2021,-0.899003685
9/25/2021,-0.954654396
9/26/2021,-0.893891871
9/27/2021,-0.737072527
9/28/2021,-0.506440461
9/29/2021,-0.223654568
9/30/2021,0.086936601
10/1/2021,0.392286241
10/2/2021,0.646549284
10/3/2021,0.796711922
10/4/2021,0.792910993
10/5/2021,0.608154774
10/6/2021,0.255294055
10/7/2021,-0.205813363
10/8/2021,-0.676911235
10/9/2021,-1.045403004
10/10/2021,-1.21675396
10/11/2021,-1.143862009
10/12/2021,-0.842435658
10/13/2021,-0.386532217
10/14/2021,0.114010982
10/15/2021,0.545805216
10/16/2021,0.822364032
10/17/2021,0.903066933
10/18/2021,0.796189129
10/19/2021,0.547782362
10/20/2021,0.22274445
10/21/2021,-0.114222586
10/22/2021,-0.411801875
10/23/2021,-0.636953652
10/24/2021,-0.772667885
10/25/2021,-0.812114716
10/26/2021,-0.753337502
10/27/2021,-0.597602248
10/28/2021,-0.352388442
10/29/2021,-0.037493799
10/30/2021,0.309337527
10/31/2021,0.631642938
11/1/2021,0.861596107
11/2/2021,0.935358822
11/3/2021,0.815250695
11/4/2021,0.504820824
11/5/2021,0.058032162
11/6/2021,-0.429245412
11/7/2021,-0.842713594
11/8/2021,-1.081765413
11/9/2021,-1.089340568
11/10/2021,-0.868692458
11/11/2021,-0.480917811
11/12/2021,-0.024468977
11/13/2021,0.395304829
11/14/2021,0.695269406
11/15/2021,0.8325122
11/16/2021,0.806887269
11/17/2021,0.65027684
11/18/2021,0.409449667
11/19/2021,0.13045536
11/20/2021,-0.149990365
11/21/2021,-0.40502584
11/22/2021,-0.612932861
11/23/2021,-0.751981854
11/24/2021,-0.799038768
11/25/2021,-0.733745456
11/26/2021,-0.547128022
11/27/2021,-0.25114426
11/28/2021,0.115309536
11/29/2021,0.487807244
11/30/2021,0.787016511
12/1/2021,0.937245727
12/2/2021,0.887527347
12/3/2021,0.633653522
12/4/2021,0.219814986
12/5/2021,-0.26467225
12/6/2021,-0.708404839
12/7/2021,-1.008487463
12/8/2021,-1.099718332
12/9/2021,-0.972195804
12/10/2021,-0.671174824
12/11/2021,-0.279728353
12/12/2021,0.108650111
12/13/2021,0.416886121
12/14/2021,0.601137698
12/15/2021,0.653219223
12/16/2021,0.590784132
12/17/2021,0.442231327
12/18/2021,0.234332293
12/19/2021,-0.012277507
12/20/2021,-0.279534519
12/21/2021,-0.544506311
12/22/2021,-0.774065793
12/23/2021,-0.926288068
12/24/2021,-0.959606469
12/25/2021,-0.846858978
12/26/2021,-0.588829339
12/27/2021,-0.221616641
12/28/2021,0.185986504
12/29/2021,0.545763075
12/30/2021,0.771201909
12/31/2021,0.800926387
1/1/2022,0.617512941
1/2/2022,0.254320234
1/3/2022,-0.206091568
1/4/2022,-0.660629094
1/5/2022,-1.00764811
1/6/2022,-1.176211953
1/7/2022,-1.143838525
1/8/2022,-0.938574672
1/9/2022,-0.625357926
1/10/2022,-0.282622665
1/11/2022,0.021398645
1/12/2022,0.243874654
1/13/2022,0.369767129
1/14/2022,0.403264403
1/15/2022,0.354908764
1/16/2022,0.232233092
1/17/2022,0.038850401
1/18/2022,-0.218298659
1/19/2022,-0.518644214
1/20/2022,-0.821679533
1/21/2022,-1.069915533
1/22/2022,-1.201907158
1/23/2022,-1.171282291
1/24/2022,-0.964676619
1/25/2022,-0.611488819
1/26/2022,-0.181191295
1/27/2022,0.231801882
1/28/2022,0.531618178
1/29/2022,0.646062851
1/30/2022,0.546164632
1/31/2022,0.254391819
2/1/2022,-0.161081538
2/2/2022,-0.605498374
2/3/2022,-0.979680181
2/4/2022,-1.21122992
2/5/2022,-1.267036676
2/6/2022,-1.158263087
2/7/2022,-0.930359244
2/8/2022,-0.644175112
2/9/2022,-0.356180906
2/10/2022,-0.105548829
2/11/2022,0.087898955
2/12/2022,0.216387555
2/13/2022,0.273612738
2/14/2022,0.248264387
2/15/2022,0.126351565
2/16/2022,-0.09822651
2/17/2022,-0.41050896
2/18/2022,-0.766577303
2/19/2022,-1.09697628
2/20/2022,-1.322470069
2/21/2022,-1.37739563
2/22/2022,-1.232121706
2/23/2022,-0.906024337
2/24/2022,-0.465819746
2/25/2022,-0.00940806
2/26/2022,0.359675765
2/27/2022,0.559288681
2/28/2022,0.549258888
3/1/2022,0.339982867
3/2/2022,-0.013523981
3/3/2022,-0.424866498
3/4/2022,-0.805440724
3/5/2022,-1.082310677
3/6/2022,-1.214931369
3/7/2022,-1.199479342
3/8/2022,-1.061911941
3/9/2022,-0.843656123
3/10/2022,-0.58641243
3/11/2022,-0.322416425
3/12/2022,-0.073443495
3/13/2022,0.142828897
3/14/2022,0.304531634
3/15/2022,0.382061988
3/16/2022,0.343542963
3/17/2022,0.168488264
3/18/2022,-0.136270687
3/19/2022,-0.526824057
3/20/2022,-0.925323486
3/21/2022,-1.237476349
3/22/2022,-1.379415631
3/23/2022,-1.304441214
3/24/2022,-1.019628644
3/25/2022,-0.586010337
3/26/2022,-0.102187388
3/27/2022,0.322862327
3/28/2022,0.598698378
3/29/2022,0.675197899
3/30/2022,0.551532805
3/31/2022,0.271236092
4/1/2022,-0.093538627
4/2/2022,-0.461743534
4/3/2022,-0.766949356
4/4/2022,-0.964487493
4/5/2022,-1.038641691
4/6/2022,-0.996992528
4/7/2022,-0.860393703
4/8/2022,-0.652882397
4/9/2022,-0.396143645
4/10/2022,-0.110590458
4/11/2022,0.178619772
4/12/2022,0.435504973
4/13/2022,0.612861514
4/14/2022,0.661014736
4/15/2022,0.544485867
4/16/2022,0.260424793
4/17/2022,-0.149871781
4/18/2022,-0.603512466
4/19/2022,-0.994490623
4/20/2022,-1.223143816
4/21/2022,-1.226488113
4/22/2022,-0.998317897
4/23/2022,-0.591647625
4/24/2022,-0.102797493
4/25/2022,0.356802821
4/26/2022,0.691053987
4/27/2022,0.842033327
4/28/2022,0.799220264
4/29/2022,0.594490826
4/30/2022,0.286975026
5/1/2022,-0.05571286
5/2/2022,-0.37170583
5/3/2022,-0.62190944
5/4/2022,-0.780768216
5/5/2022,-0.839462996
5/6/2022,-0.797902524
5/7/2022,-0.660056233
5/8/2022,-0.433596253
5/9/2022,-0.134170666
5/10/2022,0.208179221
5/11/2022,0.545001328
5/12/2022,0.8124699
5/13/2022,0.943742096
5/14/2022,0.888616562
5/15/2022,0.634087205
5/16/2022,0.217149243
5/17/2022,-0.277289808
5/18/2022,-0.735389769
5/19/2022,-1.04541564
5/20/2022,-1.130541563
5/21/2022,-0.971699297
5/22/2022,-0.61221981
5/23/2022,-0.142965645
5/24/2022,0.325993091
5/25/2022,0.696537375
5/26/2022,0.905883908
5/27/2022,0.935776949
5/28/2022,0.807209015
5/29/2022,0.565664351
5/30/2022,0.264230132
5/31/2022,-0.049087726
6/1/2022,-0.33681187
6/2/2022,-0.569226265
6/3/2022,-0.727127194
6/4/2022,-0.788343132
6/5/2022,-0.735289276
6/6/2022,-0.558837354
6/7/2022,-0.266761571
6/8/2022,0.108684801
6/9/2022,0.508576691
6/10/2022,0.85400027
6/11/2022,1.062305331
6/12/2022,1.069722533
6/13/2022,0.853543222
6/14/2022,0.445505679
6/15/2022,-0.070254982
6/16/2022,-0.576401353
6/17/2022,-0.953949392
6/18/2022,-1.116079807
6/19/2022,-1.032496572
6/20/2022,-0.735788167
6/21/2022,-0.308044136
6/22/2022,0.146508843
6/23/2022,0.532161057
6/24/2022,0.784739017
6/25/2022,0.880353808
6/26/2022,0.829817891
6/27/2022,0.664380491
6/28/2022,0.420816213
6/29/2022,0.132327214
6/30/2022,-0.172538042
7/1/2022,-0.465308815
7/2/2022,-0.711837888
7/3/2022,-0.87396884
7/4/2022,-0.911824644
7/5/2022,-0.797821403
7/6/2022,-0.529352129
7/7/2022,-0.138169229
7/8/2022,0.308879495
7/9/2022,0.720143557
7/10/2022,0.999387205
7/11/2022,1.071205735
7/12/2022,0.904282808
7/13/2022,0.5245893
7/14/2022,0.012844201
7/15/2022,-0.51471442
7/16/2022,-0.937352955
7/17/2022,-1.163044453
7/18/2022,-1.152804613
7/19/2022,-0.927994549
7/20/2022,-0.558713436
7/21/2022,-0.138577491
7/22/2022,0.24393785
7/23/2022,0.52697742
7/24/2022,0.683115184
7/25/2022,0.713594794
7/26/2022,0.634959698
7/27/2022,0.466435343
7/28/2022,0.224499732
7/29/2022,-0.073846497
7/30/2022,-0.402830839
7/31/2022,-0.721282005
8/1/2022,-0.973500311
8/2/2022,-1.099922299
8/3/2022,-1.054141998
8/4/2022,-0.821481884
8/5/2022,-0.430418819
8/6/2022,0.047537912
8/7/2022,0.511328042
8/8/2022,0.854213357
8/9/2022,0.991641045
8/10/2022,0.885050774
8/11/2022,0.554256558
8/12/2022,0.073996089
8/13/2022,-0.445160627
8/14/2022,-0.886344135
8/15/2022,-1.157434702
8/16/2022,-1.213815212
8/17/2022,-1.065694451
8/18/2022,-0.768412173
8/19/2022,-0.40045771
8/20/2022,-0.038340189
8/21/2022,0.262080312
8/22/2022,0.471918941
8/23/2022,0.583534956
8/24/2022,0.598629594
8/25/2022,0.518357217
8/26/2022,0.341578901
8/27/2022,0.072154827
8/28/2022,-0.269425601
8/29/2022,-0.637821674
8/30/2022,-0.964702189
8/31/2022,-1.172755122
9/1/2022,-1.198070049
9/2/2022,-1.012797236
9/3/2022,-0.639730811
9/4/2022,-0.150819063
9/5/2022,0.347719491
9/6/2022,0.742437661
9/7/2022,0.942408323
9/8/2022,0.903148472
9/9/2022,0.637839675
9/10/2022,0.212801412
9/11/2022,-0.271238059
9/12/2022,-0.706411123
9/13/2022,-1.005360723
9/14/2022,-1.121064782
9/15/2022,-1.053273201
9/16/2022,-0.84066093
9/17/2022,-0.542903244
9/18/2022,-0.220380843
9/19/2022,0.080493569
9/20/2022,0.331549168
9/21/2022,0.517302513
9/22/2022,0.625064909
9/23/2022,0.638204038
9/24/2022,0.538010001
9/25/2022,0.314481795
9/26/2022,-0.019247456
9/27/2022,-0.417216897
9/28/2022,-0.80286175
9/29/2022,-1.085299492
9/30/2022,-1.185301304
10/1/2022,-1.061704278
10/2/2022,-0.727272868
10/3/2022,-0.252544731
10/4/2022,0.257129073
10/5/2022,0.68581599
10/6/2022,0.93902719
10/7/2022,0.967462599
10/8/2022,0.777070165
10/9/2022,0.42359516
10/10/2022,-0.005500177
10/11/2022,-0.41553089
10/12/2022,-0.72804898
10/13/2022,-0.896792293
10/14/2022,-0.912441432
10/15/2022,-0.796327412
10/16/2022,-0.586929262
10/17/2022,-0.325275511
10/18/2022,-0.045210976
10/19/2022,0.228233054
10/20/2022,0.47340554
10/21/2022,0.664461911
10/22/2022,0.768039644
10/23/2022,0.748601198
10/24/2022,0.582140267
10/25/2022,0.27273199
10/26/2022,-0.13654387
10/27/2022,-0.56563735
10/28/2022,-0.914796293
10/29/2022,-1.092586756
10/30/2022,-1.04491508
10/31/2022,-0.774091661
11/1/2022,-0.340466648
11/2/2022,0.154546753
11/3/2022,0.595741451
11/4/2022,0.88855958
11/5/2022,0.979802489
11/6/2022,0.867605567
11/7/2022,0.595481038
11/8/2022,0.235202909
11/9/2022,-0.134692743
11/10/2022,-0.447891831
11/11/2022,-0.66189009
11/12/2022,-0.760440111
11/13/2022,-0.748276949
11/14/2022,-0.641865551
11/15/2022,-0.460793257
11/16/2022,-0.223589182
11/17/2022,0.050642502
11/18/2022,0.336546183
11/19/2022,0.597186625
11/20/2022,0.784153879
11/21/2022,0.846213758
11/22/2022,0.745476723
11/23/2022,0.47552067
